review_id,review_stars,word_count,lexical_diversity,correct_spell_ratio,price_included,procon_included,joy,love,affection,liking,enthusiasm,sadness,dislike,despair,horror,distress,FleschReadingEase,user_review_count,yelping_months,degree,betweenness,eigenvector,business_stars,business_review_count,class
bRGHgwAd3zfiiDMT9JyKcA,0,0,1,0,0,0,0,0,0,0,0,0,1,0,0,0,1,0,0,0,0,0,0,0,1
TK-0pfhHorvwZK0YhDe2fQ,1,0,0,0,0,0,0,0,0,0,0,0,1,0,0,0,0,0,0,0,0,0,1,0,1
XTOQ6blQzzzoK26QRJl3zg,1,0,0,1,1,0,0,0,0,0,0,0,1,0,0,0,1,0,0,0,0,0,1,1,0
KA9VwKYL-7I2LuQnXeuEBw,1,0,0,1,0,0,0,0,0,0,0,0,1,0,0,0,1,0,0,0,0,0,1,0,1
C2kblEfR4oMWR9oGhYN2cQ,1,0,1,1,0,0,0,0,0,0,0,0,1,0,0,0,0,0,1,0,0,0,0,0,1
mTA_VwPiWw6cubKHAsrIkQ,1,0,1,0,1,0,0,0,0,0,0,0,1,0,0,0,1,1,1,0,0,1,1,0,1
cnZI2W7C-D_w38WHMRer3w,0,1,0,1,1,0,0,0,0,0,0,0,1,0,0,0,1,0,0,0,0,0,1,1,1
UlxgrLCL9WOjJL5hZ1Zd9A,0,1,0,1,0,0,0,1,0,0,0,0,1,0,0,0,0,1,1,1,0,1,1,0,1
P5Sx85NU3sALCtbOx1Qgvg,0,0,1,0,0,0,0,0,0,0,0,0,1,0,0,0,1,0,1,0,0,0,1,0,1
Agb8ItmoRPyXPdQ8jLEgJw,1,0,0,1,0,0,0,0,0,0,0,0,1,0,0,0,0,0,0,0,0,0,1,0,0
g-JmmzYa4PDRKTWhuXPurg,1,0,0,1,0,0,0,0,0,0,0,0,1,0,0,0,0,1,1,0,0,0,1,0,0
"""-jxAByrXxlQXMYbx-s37JQ""",1,1,0,0,1,0,0,0,0,0,0,0,1,0,0,0,0,1,1,1,0,1,1,0,1
pvfpk0afGKhCm_6eHF2HUg,1,0,1,1,0,0,0,0,0,0,0,0,1,0,0,0,0,0,0,0,0,0,0,0,0
64awIJhFkvTsi7HVgYYkpg,1,1,0,1,0,0,0,0,0,0,0,0,1,0,0,0,1,0,0,0,0,0,1,1,0
2-u_hm8jJmT6NmE2CXmEvw,1,0,1,1,0,0,0,0,0,0,0,0,1,0,0,0,1,0,0,0,0,0,0,0,0
p9I2_QDn8FXRDlZmsYRe-w,0,0,1,0,0,0,0,0,0,0,0,0,1,0,0,0,0,0,0,0,0,0,0,0,1
ERv4db1Jd0qUkC0puEIwNg,1,0,1,0,1,0,0,0,0,0,0,0,1,0,0,0,1,0,1,0,0,0,1,1,1
_GKA5Jp1kxxYkvJT1yTysw,0,0,1,1,0,0,0,0,0,0,0,0,1,0,0,0,0,0,0,0,0,0,0,0,1
Kd0fUE3pHbouy5PANkisxQ,1,1,0,0,1,0,0,0,0,0,0,0,1,0,0,0,0,1,1,0,0,0,0,1,1
b_XQ2S7qomhBtqTEi3EKIQ,0,0,1,1,1,0,0,0,0,0,0,0,1,0,0,0,1,0,0,0,0,0,1,0,0
gy_nkKU9fLI5fUXaLL5Kkw,0,0,0,1,0,1,0,0,0,0,0,0,1,0,0,0,0,1,0,0,0,0,0,0,1
IYmaYQA0vXEQyuHyhGr4zA,1,1,0,1,0,0,0,1,0,0,0,0,1,0,0,0,1,1,1,1,0,1,1,1,1
3aRBs5Tg1OvLuKlNcnIyXg,0,0,1,0,0,0,0,0,0,0,0,0,1,0,0,0,1,0,0,0,0,0,1,1,0
"""-hVaAtZH1WLQ3IQvl_WbbQ""",1,0,1,1,0,0,0,0,0,0,0,0,1,0,0,0,0,0,0,0,0,0,1,1,0
vYar_r6r1E6L29ACEK-uyA,1,1,0,0,1,0,0,0,0,0,0,0,1,0,0,0,0,1,1,0,0,0,1,0,1
JvebHeNnuzu5TBFzXzVksg,1,0,0,0,0,0,0,1,0,0,0,0,1,0,0,0,0,0,0,0,0,0,0,0,0
J9lokjl99jcN17nha7Go0Q,1,0,1,0,0,0,0,0,0,0,0,0,1,0,0,0,0,0,0,0,0,0,0,0,0
mg8Z16l8uYDeXsmTq__6eA,0,0,1,0,0,0,0,0,0,0,0,0,1,0,0,0,0,0,1,0,0,0,0,0,1
Wa57iGeLjPVXWnAn34WM-w,1,0,1,0,0,0,0,0,0,0,0,0,1,0,0,0,1,0,1,0,0,0,1,0,0
VMpVhGQPJK_p2VsqKvEJKA,0,1,0,0,0,0,0,0,0,0,0,0,1,0,0,0,0,0,0,0,0,0,1,1,0
l-yaxcO7lcCrvwzSiUUp1Q,1,1,0,0,1,0,0,1,0,0,0,0,1,0,0,0,0,1,0,1,1,1,1,1,1
rIfyijBUvEJnTBnmLM535Q,1,0,1,0,0,0,0,0,0,0,0,0,1,0,0,0,0,0,0,0,0,0,1,0,0
TULRyuST-zrv1C0LonGPoA,0,1,0,1,1,0,0,0,0,0,0,0,1,0,0,1,1,0,0,0,0,0,0,0,1
MXNQeALcZMOpVYsj3jfV7g,0,1,0,0,0,0,0,0,0,0,0,0,1,0,0,0,0,1,0,0,0,0,0,0,1
ocCtO2dgq5oi7qhZOy3BvA,1,1,0,1,1,0,0,0,0,0,0,0,1,0,0,0,1,0,0,0,0,0,1,0,1
LEk-RxqiSjguhLwi5jqIEA,0,1,0,1,0,0,0,0,0,0,0,0,1,0,1,0,1,0,0,0,0,0,1,0,1
7nyICep474X7aS8vfz4Bog,0,0,0,0,1,0,0,0,0,0,0,0,1,0,0,0,1,0,0,0,0,0,0,0,1
cZ_1zvlA3hAjCSGy4z5YPA,0,1,1,1,1,0,0,0,0,0,0,0,1,0,0,0,1,0,1,0,0,0,1,1,0
8r17oB-JdNz_zQ-fIKnqjg,0,0,0,1,1,0,0,0,0,0,0,0,1,0,0,0,1,0,1,0,0,0,0,1,1
RKIzx4GedKf-DKrH9fUd0A,0,0,0,1,0,0,0,0,0,0,0,0,1,0,0,0,1,0,0,0,0,0,1,1,1
2qqEUigxxtOn5ALil-b7bg,1,1,0,1,0,0,0,0,0,0,0,0,1,0,0,0,0,0,0,0,0,0,1,0,1
WXnFdYEuAz-v1cL38YG30Q,1,0,1,0,0,0,0,0,0,0,0,0,1,0,0,0,1,0,1,0,0,0,1,0,1
LHwPnajR1m7FNVYcGMlYjg,1,0,0,1,0,0,0,1,0,0,0,0,1,0,0,0,1,0,0,0,0,0,1,0,0
K7v-CVsNBGuORvkoBJOkog,1,1,0,1,0,0,0,0,0,0,0,0,1,0,0,0,0,0,1,0,0,0,1,1,0
QKzQG7pObpNuLhpoQkaTHQ,1,1,0,1,0,0,0,0,0,0,0,0,1,0,0,0,1,1,0,1,1,1,0,0,1
1r3C57BguumH1tuIE6K6zQ,1,1,0,1,0,0,0,1,0,0,0,0,1,0,0,0,1,1,1,1,1,1,1,0,1
8At9tXaSnlhujluOEKUJNA,1,0,1,1,0,0,0,0,0,0,0,0,1,0,0,0,1,0,0,0,0,0,0,1,0
SCNIMOHN-idQkoWZKxZsuQ,1,0,1,1,0,0,0,0,0,0,0,0,1,0,0,0,1,0,0,0,0,0,1,1,0
6n6oxQVkpv5oRpjf8D18SA,0,1,0,1,0,0,0,0,0,0,0,0,1,0,0,0,1,1,1,1,1,1,0,0,1
UjmZTzr7UdyFVxCiYy0-bQ,0,0,1,1,0,0,0,0,0,0,0,0,1,0,0,0,1,1,1,0,0,0,0,1,0
ko0_dPhRwPRK3X-Ay-w3zw,0,0,1,0,0,0,0,0,0,0,0,0,1,0,0,0,1,0,0,0,0,0,1,0,1
_8c9AJhnSjfg2Ywh3qaWTA,1,0,1,1,0,0,0,0,0,0,0,0,1,0,0,0,1,0,1,0,0,0,0,0,1
E1xnTECDsoVGx6n2L7G2OQ,0,0,1,1,0,0,0,0,0,0,0,0,1,0,1,0,0,0,1,0,0,0,1,0,0
YcVc3MTFP5kEO91dE38QpA,1,1,0,0,1,0,0,0,0,0,0,0,1,0,0,0,0,1,0,1,1,1,1,0,0
HjpibZcZJ6idfdOl7d3qDA,1,1,0,0,1,0,0,0,0,0,0,0,1,0,0,0,0,0,0,0,0,0,0,1,1
zyHJcNGEwPKVieZeL0eJjA,0,0,1,1,1,0,0,0,0,0,0,0,1,0,0,0,0,0,0,0,0,0,1,0,0
DHqyNgKfzdgnBRIwmye14A,1,1,0,0,0,0,0,1,0,0,0,0,1,0,0,0,1,0,0,0,0,0,1,1,0
4TWL_moCDsVW9gQBCfNTCg,1,0,1,0,0,0,0,0,0,0,0,0,1,0,0,0,1,0,0,0,0,0,1,0,0
aYnWkxE2l52_znYMvb1B0A,0,1,0,0,1,0,0,0,0,0,0,0,1,0,0,0,0,1,1,0,0,0,0,1,1
C7nEAGx_etgF31sicgJuBQ,1,0,1,1,0,0,0,0,0,0,0,0,1,0,0,0,1,0,1,0,0,0,1,0,0
5qx7PvY54HmegnaQngYSsg,1,1,0,0,0,0,0,0,0,0,0,0,1,0,0,0,1,0,1,0,0,0,1,0,1
Zctw855bMQUXhWMMqLlCGw,1,1,0,0,0,0,0,0,0,0,0,0,1,0,0,0,0,0,1,0,0,0,1,1,1
rzrrwKrlIUJtMaFwE3MUwA,1,0,1,1,0,0,0,0,0,0,0,0,1,0,0,0,0,0,1,0,0,0,0,1,0
VhM5NLlcgzx8fr-zm9pM7g,1,0,1,1,0,0,0,0,0,0,0,0,1,0,0,0,1,0,0,0,0,0,1,0,0
fPUxM0d9rO7N2vWzFJTXZA,0,1,0,1,1,0,0,0,0,0,0,0,1,0,0,0,1,0,1,0,0,0,0,0,1
dXJjU4-SSICikibHWhy_BA,1,1,0,1,0,0,0,1,0,0,0,0,1,0,0,0,1,0,1,0,0,0,1,0,1
Vs2qxP3y4TY-JTxqpyRYvQ,1,0,1,0,0,0,0,0,0,0,0,0,1,0,0,0,0,0,0,0,0,0,0,0,1
ivcfICZmOY6_GphAxDglWA,0,0,1,0,0,0,0,0,0,0,0,0,1,0,0,0,1,0,0,0,0,0,0,0,0
vVDe5VNj44v3irKYqrBw8A,0,0,1,0,0,0,0,0,0,0,0,0,1,0,0,0,0,0,0,0,0,0,0,0,0
6F-8Kb38We0np5EyA6GG1g,1,1,1,0,0,0,0,0,0,0,0,0,1,0,0,0,0,1,1,1,1,1,1,1,1
52-KCDabL2Ms4_rXJfbJbQ,1,0,1,1,0,0,0,0,0,0,0,0,1,0,0,0,1,0,0,0,0,0,1,0,0
DIp8Coe5LhUm41L0IWXf1A,0,0,1,1,0,0,0,0,0,0,0,0,1,0,0,0,1,0,1,0,0,0,0,0,1
nvLYFQ4anh2NLPrnHBM1Lw,1,0,1,0,0,0,0,1,0,0,0,0,1,0,0,0,0,0,0,0,0,0,1,0,0
v2rQqTnOOiwlt07JCPJmjw,1,1,0,0,0,0,0,0,0,0,0,0,1,0,0,0,0,0,1,0,0,0,1,0,1
ynuPRGjI1gDWITNjiYsyjQ,1,0,1,0,0,0,0,0,0,0,0,0,1,0,0,0,1,1,1,0,0,0,1,1,0
XAdwNlO-lYVHbNhiXgjjWg,1,0,1,1,0,0,0,0,0,0,0,0,1,0,0,0,1,0,0,0,0,0,0,1,0
XNSmJFw_hSjUJA6IpdCPwg,0,1,0,1,1,0,0,0,0,0,0,0,1,0,0,0,1,0,0,0,0,0,0,0,1
wcFgcn0G6ViVbTZiEpF-MQ,1,0,1,1,0,0,0,1,0,0,0,0,1,0,0,0,1,0,0,0,1,0,1,0,1
3jfMZv_ES2G0V10f9Fm_uw,1,0,0,0,0,0,0,1,0,0,0,0,1,0,0,0,0,0,0,0,0,0,1,0,0
7V5GZjn1mlVQoPEan9J3jA,1,0,1,0,0,0,0,0,0,0,0,0,1,0,0,0,1,0,0,0,0,0,0,0,0
yAvFgCDS27Br_3q0DqWUDQ,1,0,0,0,0,0,0,0,0,0,0,0,1,0,0,0,0,0,0,0,0,0,1,1,0
XJI-gOCbzx2OYejMOCXvDQ,1,1,1,0,0,0,0,0,0,0,0,0,1,0,0,0,1,0,1,0,0,0,1,0,1
fPN37Vt4pfk5iWCZqyJ92g,1,0,1,0,1,0,0,0,0,0,0,0,1,0,0,0,0,0,0,0,0,0,0,0,0
dlzahqYzzBlyluzus-s62Q,1,0,1,0,0,0,0,0,0,0,0,0,1,0,0,0,0,0,1,0,0,0,1,1,0
dUukuwPBZWHn5SkTiawm4Q,1,1,0,1,0,0,0,0,0,0,0,0,1,0,0,0,0,0,1,0,0,0,1,0,1
LMdMdlD2a9z-YINmQZ1BxQ,1,0,1,0,0,0,0,0,0,0,0,0,1,0,0,0,0,0,0,0,0,0,1,1,0
"""-T0HMoOtFfxfK_auk_5FNQ""",0,1,0,1,1,0,0,0,0,0,0,0,1,0,0,0,1,0,0,0,0,0,0,0,1
RziBGOJy383Gg_8rjK4a_w,1,0,0,0,1,0,0,0,0,0,0,0,1,0,0,0,1,0,0,0,0,0,1,0,1
9zi23SGlhPsl2SLnommuxw,1,0,1,1,1,0,0,0,0,0,0,0,1,0,0,0,0,0,1,0,0,0,1,1,0
9KO2-9p2nUxiwo304FWCHg,0,0,0,0,0,0,0,0,0,0,0,0,1,0,1,0,0,0,0,0,0,0,0,0,1
p16i202gQCelkVxC1jxARw,1,1,1,1,1,0,0,0,0,0,0,0,1,0,0,0,1,1,0,0,0,1,0,1,1
gGsjgwpb2Ex4dYKMkfzt9g,1,0,1,1,0,0,0,0,0,0,0,0,1,0,0,0,0,0,0,0,0,0,0,0,0
XRL7UFBv9eY9Y2rHNcHqeg,0,1,0,0,0,0,0,1,0,0,0,0,1,0,0,0,1,1,0,0,0,0,1,0,1
eZEOEdoutZIzzwSTiCMRlA,1,0,1,0,0,0,0,0,0,0,0,0,1,0,0,0,0,0,0,0,0,0,1,0,0
oiHZC8WmOzg8re7uS7cpTA,1,0,1,1,0,0,0,0,0,0,0,0,1,0,0,0,0,0,1,0,0,0,0,0,0
rx4o2AXYUZjoCqfrQb28ZA,1,0,1,0,0,0,0,0,0,0,0,0,1,0,0,0,0,0,0,0,0,0,1,0,0
S8pQXlqAQhkkARBvOA0s4A,1,0,1,0,0,0,0,0,0,0,0,0,1,0,0,0,1,0,0,0,0,0,1,1,0
58icL0J0hqKXFsobpdrcoA,1,0,1,0,0,0,0,0,0,0,0,0,1,0,0,0,0,0,0,0,0,0,1,0,0
dqNjfTBYrrqT5oeWy2H-9A,1,1,0,1,1,0,0,0,0,0,0,0,1,0,0,0,0,1,1,0,0,0,0,1,1
NafVusBcSk9Hzilcqwyb4A,0,1,0,1,0,0,0,0,0,0,0,0,1,0,0,0,0,1,0,1,1,1,0,0,1
rKPUm3Xr35saMLldkpLhtQ,0,0,1,0,0,0,0,0,0,0,0,0,1,0,0,0,0,0,0,0,0,0,0,1,0
lm2q1WyB4wyXYb9O38Bd7Q,0,1,0,1,0,0,0,0,0,0,0,0,1,0,0,0,1,0,1,0,0,0,0,1,0
_LepnfW9_ZeiGJKn-RI1mg,0,1,0,1,0,0,0,0,0,0,0,0,1,0,1,1,1,0,0,0,0,0,1,0,1
Zh6z_wO58fhMSk08toZwxQ,1,1,0,1,0,0,0,0,0,0,0,0,1,0,0,0,0,1,1,1,0,1,1,0,1
oj1qplrqDwQKXmxsZEvZ0A,1,1,0,1,0,0,0,0,0,0,0,0,1,0,0,0,1,1,0,1,1,1,1,0,1
RRWTF6g2F1DcnvqMF1pIEQ,0,0,1,1,0,0,0,0,0,0,0,0,1,0,0,0,1,0,0,0,0,0,0,0,0
QCxucSapI8c5Q6yA8PYAfw,0,0,0,1,1,0,0,0,0,0,0,0,1,0,0,0,0,0,1,0,0,0,0,0,1
o3izHMlDhUA5lH3qlXF55A,1,0,1,1,0,0,0,0,0,0,0,0,1,0,0,0,1,1,1,0,0,0,0,1,0
jEqpHhGrGCWOLOHQlQddTg,1,0,0,0,0,0,0,0,0,0,0,0,1,0,0,0,0,0,0,0,0,0,0,0,0
oegbildYKivURAh2S4fC5g,1,1,1,0,0,0,0,0,0,0,0,0,1,0,0,0,0,1,1,0,0,0,1,0,1
nNTfJzcD8KsS8s6FBH_ljw,1,0,1,1,0,0,0,0,0,0,0,0,1,0,0,0,0,0,1,0,0,0,1,0,0
KgbH-ceWwvwO3LnDn781mA,0,0,0,1,0,0,0,0,0,0,0,0,1,0,0,0,1,1,1,1,1,1,1,1,1
mtRjM8xSmZhsRY35OrvgJw,1,1,0,1,1,0,0,0,0,0,0,0,1,0,0,0,1,0,1,0,0,0,1,0,0
6sQ1xYHq5ayqqMK8Len7LQ,1,0,1,0,0,0,0,0,0,0,0,0,1,0,0,0,1,1,1,0,0,0,1,1,0
y9cuyHNdl2tddF3V40zsaw,0,1,0,0,1,0,0,0,0,0,0,0,1,0,0,0,0,1,1,0,0,0,1,1,1
DFRmHLJPMtj4oMe3FnLzwQ,1,1,0,0,0,0,0,0,0,0,0,0,1,0,0,0,1,1,1,0,0,0,1,0,0
_Ddi8S6VW8g3v6i6sWWqUw,1,0,1,1,0,0,0,0,0,0,0,0,1,0,0,0,1,0,0,0,0,0,1,0,1
G6O3b43A_bT0-BzzpjPuLw,1,0,1,1,0,0,0,0,0,0,0,0,1,0,0,0,0,0,1,1,0,0,1,1,1
LBxo9WNUeS1cOsUzqjLOvw,1,0,0,1,0,0,0,0,0,0,0,0,1,0,0,0,0,1,0,0,0,0,1,0,1
LITtl6U6l11uTSL4pvmRpg,1,1,0,1,0,0,0,0,0,0,0,0,1,0,0,0,1,0,0,0,0,1,1,1,1
eIQUQwLj3mfh2bNd8t1iOA,1,1,0,0,0,0,0,0,0,0,0,0,1,0,0,0,0,1,0,1,1,1,0,0,1
BKW8XqUln84qw1QPLrPAsw,1,0,1,0,0,0,0,1,0,0,0,0,1,0,0,0,0,0,1,0,0,0,1,1,0
tX1g1_w4mHlBkpVqV0uW1w,0,1,0,1,0,0,0,0,0,0,0,0,1,0,0,0,1,1,0,1,1,1,1,0,0
LkZooFBN3KzAvFtDVzjlwg,1,0,1,0,0,0,0,0,0,0,0,0,1,0,0,0,0,0,0,0,0,0,1,0,0
Yub6bKtsijo1xnnUfk4xTw,1,0,1,1,0,0,0,1,0,0,0,0,1,0,0,0,1,0,0,0,0,0,1,1,0
Dt4vsKCbA4WkD8z4mLIg2A,1,0,1,1,0,0,0,0,0,0,0,0,1,0,0,0,0,0,1,0,0,0,1,0,0
aAO5ieQgYdDFl5V-wHXjHA,1,0,1,0,0,0,0,0,0,0,0,0,1,0,0,0,1,0,0,0,0,0,1,0,0
yM3oW8_1oC-tstq1prRdeQ,1,0,1,0,0,0,0,0,0,0,0,0,1,0,0,0,0,0,0,0,0,0,1,1,0
9CCxM74lznVEYIWkfhlWkg,1,0,1,1,1,0,0,0,0,0,0,0,1,0,0,0,0,1,1,1,1,1,1,0,1
uaBK4Kq7lcV5d5l1n_eVRg,0,0,0,0,1,0,0,0,0,0,0,0,1,0,0,0,1,0,0,1,0,1,0,0,1
P4rj1zjwIIf4xcpKjxYGpw,1,0,1,0,0,0,0,0,0,0,0,0,1,0,0,0,0,0,0,0,0,0,0,0,0
tRREGm6N5WdcFOooHHhwxA,1,0,0,0,0,0,0,0,0,0,0,0,1,0,0,0,1,0,0,0,0,0,1,0,0
uHMZKYtRVjH7Mo6HjoMTNQ,0,1,0,0,0,0,0,0,0,0,0,0,1,0,1,0,0,0,0,1,1,1,1,0,1
6XyDm_YqIx8Luaur8f9Ffg,1,1,0,0,1,0,0,0,0,0,0,0,1,0,0,0,0,0,0,0,0,0,1,0,0
OUIrzKZj66mSem3BR2PkwA,0,0,1,1,0,0,0,0,0,0,0,0,1,0,0,0,1,0,0,0,0,0,0,0,1
cNrOcDPX2ztPllnLED007Q,1,1,0,1,1,0,0,1,0,0,0,0,1,0,0,0,0,1,1,0,0,0,1,0,1
8gsk4TKzW4UdBn7oH4Ov0w,0,0,1,0,0,0,0,0,0,0,0,0,1,0,0,0,1,0,0,0,0,0,1,0,0
HWeVFewlnw-YwMMZylJrwQ,1,0,1,1,0,0,0,0,0,0,0,0,1,0,0,0,1,0,0,0,0,0,1,0,0
YXFkA42qbYiD1LqgVZguWw,1,0,1,1,0,0,0,0,0,0,0,0,1,0,0,0,0,0,0,0,0,0,1,1,0
31r2Y-i1RhCE3F5Vn17ihg,1,0,1,1,0,0,0,0,0,0,0,0,1,0,0,0,1,0,1,0,0,0,1,1,0
KlCN-NcUKrnCDl_Mdau80Q,1,1,0,1,0,0,0,0,0,0,0,0,1,0,0,0,1,0,1,1,1,1,1,1,0
BqKIKTHuP8BpMlNYTn497w,1,0,1,1,0,0,0,0,0,0,0,0,1,0,0,0,0,0,0,0,0,0,1,1,0
NqCPTTACxnIxUbnO2dVTjA,1,0,1,1,0,0,0,0,0,0,0,0,1,0,0,0,1,0,0,0,0,0,1,1,0
qY-b2X_hYlgtcPqQJkm9ng,1,0,1,1,0,0,0,0,0,0,0,0,1,0,0,0,0,0,1,0,0,0,1,0,0
UpowBgzJFeSf1mXQ0MQuWA,1,0,1,0,0,0,0,0,0,0,0,0,1,0,0,0,0,0,0,0,0,0,1,0,1
Y6NC8B7F1-BEmF2wFxppeA,1,0,0,0,0,0,0,0,0,0,0,0,1,0,0,0,1,0,1,0,0,0,0,0,1
oaG_HuxF4xSI0upBtUKm4A,0,1,1,0,1,0,0,0,0,0,0,0,1,0,0,0,0,1,0,1,0,1,1,0,1
kuRMxlC_ol_Jy9Y5gX26iw,1,1,0,1,0,0,0,0,0,0,0,0,1,0,0,0,0,0,1,0,0,0,1,0,1
Ux_BL3Xolup5XbH3LHU4Kg,1,0,1,1,0,0,0,0,0,0,0,0,1,0,0,0,1,0,0,0,0,0,1,1,0
e3g_3fOH_4Ix5AOMHsKG3Q,1,1,0,0,0,0,0,0,0,0,0,0,1,0,0,0,0,0,0,0,0,0,1,0,0
FpYJchiGBzuoCQr5wVXmSQ,0,0,1,0,0,0,0,0,0,0,0,0,1,0,0,0,0,0,0,0,0,0,0,0,0
-os1VIoEWOrSj1-6gjHBhg,1,0,1,0,1,0,0,1,0,0,0,1,1,0,0,0,1,0,0,0,0,0,0,0,0
wQ-mzm3ijRmAYv0-1dkdvQ,1,1,0,1,0,0,0,0,0,0,0,0,1,0,0,1,0,1,1,1,1,1,1,0,1
XRWcz778HF0pmUXIKVTMuw,1,0,1,1,0,0,0,1,0,0,0,0,1,0,0,0,1,1,1,1,1,0,1,1,1
YA6D5YzJ80qs0xU-Tp6DzA,1,0,1,0,0,0,0,0,0,0,0,0,1,0,0,0,0,1,1,0,0,0,1,1,0
fNW-VWul-CX6e1BlZAQaiQ,0,1,0,1,0,0,0,0,0,0,0,0,1,0,0,0,1,0,1,0,0,0,0,0,1
SL_H1p2gJBkWGMjkSvFdnA,0,1,0,1,0,0,0,0,0,0,0,0,1,0,0,0,0,0,0,0,0,0,1,0,0
hqJWAx-aZ60aqZ0A5g96Bw,1,0,1,1,0,0,0,1,0,0,0,0,1,0,0,0,1,0,0,0,0,0,1,0,0
djy75d2OLEa2DmhGsAvvPw,1,0,1,0,0,0,0,0,0,0,0,0,1,0,0,0,1,0,0,0,0,0,0,0,0
4kUh5mQtH_WVm2ninr6tQA,1,0,0,1,0,0,0,1,0,0,0,0,1,0,0,0,1,0,0,0,0,0,1,0,0
_Xqv98Segfz2D2QACPKAKQ,1,0,1,0,0,0,0,1,0,0,0,0,1,0,0,0,0,0,1,0,0,0,0,0,0
Bl3F5-r7Bud_DNoiwtlzeQ,0,0,1,1,0,0,0,0,0,0,0,0,1,0,0,0,0,0,1,0,0,0,0,0,0
yK8no55wZtt-2OYKaUmq-w,1,0,1,1,0,0,0,1,0,0,0,0,1,0,0,0,1,0,0,0,0,0,0,1,0
xEJjrrjxpfPzWifV0N_J4w,0,0,0,1,0,0,0,0,0,0,0,0,1,0,0,0,1,0,0,0,0,1,1,0,0
Vgaaj2kXk6j5Ziv4pfIzVw,0,0,0,0,0,0,0,0,0,0,0,0,1,0,0,0,0,0,0,0,0,0,0,1,1
isRKovTcZNiboMR0pbXfDw,1,0,1,0,0,0,0,0,0,0,0,0,1,0,0,0,1,0,1,0,0,0,1,0,0
bl4freQePUgGTxlqGSVnFA,1,0,1,1,0,0,0,0,0,0,0,0,1,0,0,0,1,0,0,0,0,0,1,0,0
PfnGT_8JHyRYgigvFtzLTw,1,0,0,0,0,0,0,0,0,0,0,0,1,0,0,0,0,0,0,0,0,0,0,0,0
jdQnEajR4t4x28Z8x5igaQ,1,0,1,1,0,0,0,1,0,0,0,0,1,0,0,0,1,0,0,0,0,0,1,0,0
JTgy6nnIiJ2RKje-k2eQZQ,0,1,0,1,1,0,0,0,0,0,0,0,1,0,0,0,0,1,1,0,0,0,0,1,1
FG3HZzaUxY0cFf0p0G_gNA,1,0,0,1,0,0,0,0,0,0,0,0,1,0,0,0,1,0,0,0,0,0,1,0,0
TTI5oCuinr0X9SqlDI22lw,1,0,0,0,1,0,0,0,0,0,0,0,1,0,0,0,1,0,0,0,0,0,1,1,0
C0XZes9QcAs87j4OUqS7Qg,0,1,0,0,0,0,0,0,0,0,0,0,1,0,0,0,1,1,1,0,0,0,0,0,1
DWzZinlbhfBytnVpDsk2bg,0,0,1,1,0,0,0,0,0,0,0,0,1,0,0,0,1,0,0,0,0,0,0,0,0
jC5UAPK_B6MLo5LMxW1-FA,0,1,0,1,0,0,0,0,0,0,0,0,1,0,0,0,0,0,0,1,1,1,0,1,1
StHfystw1WjylNlVci9LlA,0,1,0,1,1,0,0,0,0,0,0,0,1,0,0,0,0,0,0,0,0,0,1,0,1
8QziD9AdRsgn11F3wXpavQ,1,0,1,1,0,0,0,0,0,0,0,0,1,0,0,0,1,0,1,0,0,0,1,0,1
JBwLvvH2XpybyMOIJD48Ew,1,1,0,1,0,0,0,0,0,0,0,0,1,0,0,0,1,1,1,1,1,1,1,0,1
KDwCq1AodLnOeXNPoNQbNg,1,0,1,1,0,0,0,0,0,0,0,0,1,0,0,0,0,0,0,0,0,0,0,0,0
o4zDC1B9cca5_WVExBtFXQ,0,0,0,0,0,0,0,0,0,0,0,0,1,0,0,0,0,0,1,0,0,0,1,1,0
qFbb9iIfixpttu8_WGyuWQ,1,0,1,1,0,0,0,0,0,0,0,0,1,0,0,0,1,0,0,0,0,0,1,1,0
E9_nCuT4pQhEgHblME2hKA,1,0,1,1,0,0,0,0,0,0,0,0,1,0,0,0,1,0,0,0,0,0,1,0,0
1FrmhjSkF9wSW3a-GA-I3A,1,0,0,1,0,0,0,0,0,0,0,0,1,0,0,0,0,0,1,0,0,0,0,0,0
V3hQbLWMcfjfDc_4QghWlQ,1,0,1,1,0,0,0,0,0,0,0,0,1,0,0,0,1,0,1,0,0,0,1,0,0
EtZdvbvurbZDHYgDS0Fgug,1,0,0,0,0,0,0,0,0,0,0,0,1,0,0,0,0,1,0,0,0,1,0,0,1
Tgy-xy7leDNawBK6qoZscw,1,0,1,0,0,0,0,0,0,0,0,0,1,0,0,0,0,0,0,0,0,0,0,0,0
A2uSvYBMKBUoFKrf7TYcIA,1,1,0,0,0,0,0,0,0,0,0,0,1,0,0,1,0,1,1,0,0,0,1,1,1
dfXeF_8EZgQtgxZCdYQqPA,1,1,0,0,1,0,0,0,0,0,0,0,1,0,0,0,1,1,1,0,0,0,0,0,0
ARXreuv-jvMfm3ymJRDaXg,0,0,1,0,1,0,0,0,0,0,0,0,1,0,0,0,0,0,0,0,0,0,0,0,0
BkeVXAz1zvwSZTWtQgYYlw,1,0,1,1,0,0,0,0,0,0,0,0,1,0,0,0,1,0,1,0,0,0,1,0,0
a0PEr715pVW0mnelLLGjmQ,0,0,0,0,0,0,0,0,0,0,0,0,1,0,0,0,1,0,1,0,0,0,1,1,0
FBJ-IETgXn3PLtPVblHRhg,0,0,0,1,1,0,0,0,0,0,0,0,1,0,0,0,1,0,0,0,1,0,0,0,0
wW7tf08wcPUDfE6hloIWPA,0,1,0,1,1,0,0,0,0,0,0,0,1,0,0,0,1,0,1,0,0,0,1,1,1
IlwhPNMGKZxHUfgom1HGsQ,0,1,0,1,1,0,0,0,0,0,0,1,1,0,0,0,1,0,1,0,0,0,0,1,1
OHHtCt3q40qahQ5ElFw21Q,0,1,0,1,0,0,0,0,0,0,0,0,1,0,0,0,0,1,1,1,0,0,0,0,0
3aWui08rgJvvyoPVvGJUzg,1,1,0,0,0,0,0,0,0,0,0,0,1,0,1,0,1,0,1,0,0,0,1,0,0
pICgej2lgzjKWBhzONjvtQ,0,1,0,1,0,0,0,0,0,0,0,0,1,0,0,0,0,0,0,0,0,0,0,0,0
mIryp5iFhgNAROt4J7EUYw,0,0,1,1,0,0,0,0,0,0,0,0,1,0,0,0,1,0,0,0,0,0,0,0,0
5sDWClh_1qrgSY3DgtJxCA,1,0,1,1,0,0,0,0,0,0,0,0,1,0,0,0,1,0,0,0,0,0,1,0,0
QclWoMDyqJMGH5U45vM_eg,1,0,1,1,0,0,0,0,0,0,0,0,1,0,0,0,0,0,0,0,0,0,1,0,0
JUwtXLixby5Hu5BACQ4pBA,1,0,1,1,1,0,0,0,0,0,0,0,1,0,0,0,1,0,0,0,0,0,1,1,0
BiIr4rvupEVYpRVbaehkNw,1,0,1,1,0,0,0,0,0,0,0,0,1,0,0,0,0,0,1,0,0,0,1,0,0
A3-_yNu7tYwc-B07DTI3YA,0,1,0,1,1,0,0,0,0,0,0,0,1,0,0,0,1,1,1,1,0,1,1,0,1
UZD8qWJi207qI2ueEocofg,1,0,1,1,0,0,0,0,0,0,0,0,1,0,0,0,1,0,0,0,0,0,0,0,0
kixYamRr-kOQpwq8d79-Bw,0,0,0,1,1,0,0,0,0,0,0,0,1,0,0,0,1,1,0,0,0,0,0,0,0
sIfApG5NS7meg_ePIwTtQA,1,0,1,1,0,0,0,1,0,0,0,0,1,0,0,0,0,0,0,0,0,0,1,0,0
UD1WqkTGg5BI0LJizVR_Yw,1,0,1,1,0,0,0,0,0,0,0,0,1,0,0,0,0,0,1,0,0,0,1,1,0
bvFUCl48GA8bVWPKV7SJzQ,1,0,1,0,0,0,0,0,0,0,0,0,1,0,0,0,0,0,0,0,0,0,1,0,0
CJ8RrSCBAIYjNOulpCx0Pg,1,1,0,0,1,0,0,0,0,0,0,0,1,0,0,0,0,0,0,0,0,0,1,0,1
YAAx3ZtuAlRXztm_7EWPMQ,1,1,0,1,0,0,0,0,0,0,0,0,1,0,0,0,1,0,0,0,0,0,0,0,0
pG6_8ooBXnZn4WpKCcnbag,1,0,1,1,0,0,0,0,0,0,0,0,1,0,0,0,0,0,0,0,0,0,1,0,1
0IqTEcxkutehxGpSLqLcwg,0,0,1,1,1,0,0,0,0,0,0,0,1,0,1,0,0,0,0,0,0,0,0,1,1
GDPPOQUmh_qLIydVHCsU7Q,1,0,1,0,0,0,0,0,0,0,0,0,1,0,0,0,0,1,1,1,1,1,1,0,1
rjnLbIvQSMhb8LyNvksByg,0,0,0,0,0,0,0,0,0,0,0,0,1,0,0,0,1,1,1,0,0,0,1,0,0
QAVxg-rZZEleDPGXZ625eA,0,0,1,0,0,0,0,0,0,0,0,0,1,0,0,0,1,0,0,0,0,0,0,0,0
rlgsB4bo5hMarkOi7LkMzw,1,0,0,1,0,0,0,0,0,0,0,0,1,0,0,0,1,0,1,0,0,0,1,1,0
L4N5Rz-wlgONiv9Iylturg,0,0,0,1,1,0,0,0,0,0,0,0,1,0,0,0,1,0,0,0,0,0,0,0,0
gxb52fIm-ZIhdDnk46Jjag,1,0,1,1,1,0,0,0,0,0,0,0,1,0,0,0,0,1,0,1,0,1,0,0,1
Hv9tuACgc_Iuv99hPgQtrg,0,1,0,0,0,0,0,0,0,0,0,0,1,0,0,0,0,0,1,0,0,0,0,0,1
7HXb3mz3w0dFWxwwAS1Asg,0,0,0,0,0,0,0,0,0,0,0,0,1,0,0,0,1,0,0,0,0,0,0,0,1
k6KciNvQQVrSqvgw9hn_aA,0,1,0,0,1,0,0,0,0,0,0,0,1,0,0,0,1,0,0,0,0,0,0,1,1
dYzXoGqI2zKq23xe8mrP8Q,0,1,0,1,0,0,0,0,0,0,0,0,1,0,0,0,0,1,1,1,1,1,1,1,1
NlXpXz-S8v05HP9lXYhtPA,1,0,0,0,1,0,0,0,0,0,0,0,1,0,0,0,1,0,0,0,0,0,1,1,0
dDyhW3OTVDCWSriaywYyfg,1,0,1,0,0,0,0,0,0,0,0,0,1,0,0,0,1,0,0,0,0,0,1,1,0
FV_XhNETV8uDhHmaKQpV6A,1,1,0,0,0,0,0,1,0,0,0,0,1,0,0,0,0,0,1,0,0,0,1,1,1
N4gW12_QfvSTUh3VaN9tDA,0,1,0,1,0,0,0,0,0,0,0,0,1,0,1,0,1,0,0,0,0,0,0,1,1
jQ7FXbb8B7uFfxO23PC5Mg,0,1,0,0,0,0,0,1,0,0,0,0,1,0,0,0,1,1,1,1,1,1,1,0,1
R4L7yI2vubxdP2skEiEzUw,0,0,0,1,0,0,0,0,0,0,0,0,1,0,0,0,1,0,0,0,0,0,1,0,0
v0EJdvbYfD1Hfl8lILpzig,1,1,0,1,0,0,0,0,0,0,0,0,1,0,0,0,0,1,1,1,1,1,0,1,1
9jMO9yF7nnm3kFFyL2hQDA,1,0,1,0,0,0,0,0,0,0,0,0,1,0,0,0,1,0,0,0,0,0,1,0,0
vnMqqjfahkeYytmWO4kSdw,1,0,1,1,0,0,0,0,0,0,0,0,1,0,0,0,1,0,0,0,0,0,1,1,0
eGbqrbkQI5g0oGIdwk5qGg,0,1,0,0,0,0,0,0,0,0,0,0,1,0,0,0,0,1,1,0,0,0,1,0,1
9GG7XrvR2hySWvQfO1AbYQ,1,0,0,1,1,0,0,0,0,0,0,0,1,0,1,0,0,0,0,0,0,0,1,0,1
bjVZnQ4UnMc0Gok_x1N0DA,1,0,1,0,0,0,0,0,0,0,0,0,1,0,0,0,0,0,0,0,0,0,1,0,1
BGug1Gx66wOxqROzoFX_lA,1,0,1,1,0,0,0,0,0,0,0,0,1,0,0,0,1,0,1,0,0,0,1,0,0
mqKxCMPlq75M7qeGkhJBeQ,0,0,1,0,0,0,0,0,0,0,0,0,1,0,0,0,0,0,1,0,0,0,0,0,0
pyDDdJiHXAQIpdgTZsxw3g,1,0,1,1,1,0,0,0,0,0,0,0,1,0,0,0,0,0,1,0,0,0,0,0,0
FOVv4pXTLpnE1RedW1EAyA,1,0,0,1,0,0,0,0,0,0,0,0,1,0,0,0,0,0,1,0,0,0,1,0,0
kYueZz_aRMnWW1fZGJ6-QQ,1,0,1,1,1,0,0,0,0,0,0,0,1,0,0,0,0,0,0,0,0,0,0,0,0
9uIp5_7OLlg4vAlDLUeVJA,0,1,1,1,0,0,0,0,0,0,0,0,1,0,0,0,0,0,0,0,0,0,1,1,1
inrG26zUdOuVySWKxYxwSQ,1,0,1,0,0,0,0,0,0,0,0,0,1,0,0,0,0,0,0,0,0,0,1,0,0
8xPCvBzxKwC2F5gXTSzDAA,0,0,1,1,0,0,0,0,0,0,0,0,1,0,0,0,1,0,0,0,0,0,1,0,0
ZffsYg9M_x95vbmvth3SoQ,1,1,0,1,0,0,0,0,0,0,0,0,1,0,0,0,1,1,1,0,0,0,0,1,1
ynTSrFPCUr0XVFkKlmNmCg,1,0,0,0,0,0,0,1,0,0,0,0,1,0,0,0,0,0,0,0,0,0,1,0,0
3WvMX8TPUdnnPsom2TzFGw,1,1,0,0,0,0,0,1,0,0,0,0,1,0,0,0,1,0,0,0,0,0,1,1,1
AoJ-FmhLrONMGuCJTjYtEQ,1,1,0,0,0,0,0,0,0,0,0,0,1,0,0,0,1,0,1,0,0,0,1,0,0
PaO3PM7_aMZd4J-IdpzxEg,1,0,1,1,0,0,0,0,0,0,0,0,1,0,0,0,0,0,1,0,0,0,1,0,1
NWEwhqNOWwqX9oqmEnoXig,0,1,0,1,1,0,0,0,0,0,0,0,1,0,0,0,1,0,0,0,0,0,0,0,1
Por1hfW9oS8RCNTdBG07Gw,1,0,1,1,0,0,0,0,0,0,0,0,1,0,0,0,0,0,0,0,0,0,1,0,0
_B1QHPzZ9jGok1vz2vjl3Q,1,1,1,0,0,0,0,0,0,0,0,0,1,0,0,0,0,0,0,0,0,0,0,0,1
kJHE__DQz6c-2SKjbur1jQ,1,0,1,1,0,0,0,0,0,0,0,0,1,0,0,0,1,0,0,0,0,0,1,0,0
zF9yoDf1jhEkEDHSsYsJDQ,1,0,1,0,0,0,0,0,0,0,0,0,1,0,0,0,1,0,0,0,0,0,0,0,0
G_KR9DA8KOfYjq0tS04H4A,0,1,0,1,0,0,0,0,0,0,0,0,1,0,0,0,1,0,0,0,0,0,0,0,0
F88AwE-_0AZET3z9PDenTQ,1,0,1,0,1,0,0,0,0,0,0,0,1,0,0,0,1,0,0,0,0,0,0,1,0
PLmjcc7nI9bCFnt2m_eI5w,1,0,1,1,0,0,0,0,0,0,0,0,1,0,0,0,1,0,0,0,0,0,1,0,1
RU08Y-PEbXP1P995kV91vA,0,1,0,1,0,0,0,0,0,0,0,0,1,0,1,0,1,0,1,0,1,0,1,0,1
oSPjvSqXeH5pHZ1cW4UCaw,1,0,0,1,1,0,0,1,0,0,0,0,1,0,0,0,1,0,1,0,0,0,1,0,0
"""-EPqx_Ic13Z2oDXO1Dr2cg""",1,0,0,0,1,0,0,1,0,0,0,0,1,0,0,0,1,0,0,0,0,0,1,0,1
-3w8nan_DhxcWPTE5PjQnQ,1,0,1,1,0,0,0,0,0,0,0,0,1,0,0,0,1,0,1,0,0,0,1,0,0
wd_0KW29StLH2QfakF3Rxg,0,0,1,0,0,0,0,0,0,0,0,0,1,0,0,0,0,0,0,0,0,0,1,0,1
bt_saOeCe8TsJIpL_fVxAA,0,0,1,0,0,0,0,0,0,0,0,0,1,0,0,0,0,0,1,0,0,0,0,0,1
vRo3tjgDFAF9p0Ml3he-0g,1,0,1,0,0,0,0,0,0,0,0,0,1,0,0,0,1,0,0,0,0,0,0,1,0
6VsG3CSZEDSffrE5JFePlw,1,1,0,0,0,0,0,0,0,0,0,0,1,0,0,0,0,1,1,1,1,1,0,1,1
WYFYX7io24vGprQMFlUzGA,0,0,1,1,0,0,0,0,0,0,0,0,1,0,0,0,0,0,0,0,0,0,0,1,1
gHEZ0FgqQ3SgX_Eao8yY4A,1,1,0,1,1,0,0,0,0,0,0,0,1,0,0,0,1,1,1,0,0,0,0,0,1
oW2iJ0eUPFMh3rOfJbL0gg,1,0,1,1,0,0,0,0,0,0,0,0,1,0,0,0,1,0,0,0,0,0,1,0,0
amrBwJ2WfORGDBS5jQJxDQ,1,0,1,1,1,0,0,0,0,0,0,0,1,0,0,0,1,0,0,0,0,0,1,0,0
5Ukc5ah1gETxf_7EHTjB6Q,1,0,0,1,0,0,0,0,0,0,0,0,1,0,0,0,1,1,1,0,0,0,0,1,0
ECPHJH3gwj8FjmoAqsD3Vw,1,0,1,0,0,0,0,1,0,0,0,0,1,0,0,0,1,0,1,0,0,0,1,1,1
WVgJpcbowYiSHE9I3Z-1pA,0,1,1,0,1,0,0,0,0,0,0,0,1,0,1,0,1,0,0,0,0,0,0,0,0
5Jsc9mBTSSlS-cnJyLCGdw,1,0,1,0,0,0,0,0,0,0,0,0,1,0,0,0,0,0,0,0,0,0,1,0,0
xy5tqDGOYQqKAz6jLEmU3w,1,0,1,1,0,0,0,0,0,0,0,0,1,0,0,0,1,0,0,0,0,0,1,1,0
gCDHmgGS-bgm7YJPirgCNw,0,0,1,1,0,0,0,0,0,0,0,0,1,0,0,0,1,0,0,0,0,0,0,0,1
TI0DEqVqa0JWGINMTl3J3g,1,0,1,0,0,0,0,0,0,0,0,0,1,0,0,0,1,0,0,0,0,0,0,1,1
6Q07dLWgDUlGl558yPLrPA,0,1,1,0,1,0,0,0,0,0,0,0,1,0,0,0,0,1,1,0,0,0,0,0,0
80dMAeiDaYPxtjLE7KTARQ,1,0,1,1,1,0,0,0,0,0,0,0,1,0,0,0,0,0,1,0,0,0,1,1,0
gKtjsiohzfpnu79qSFiiLw,1,0,0,0,0,0,0,0,0,0,0,0,1,0,0,0,0,0,0,0,0,0,1,0,0
dC8tpcMyfrAIIecvvbCrew,1,0,1,1,1,0,0,1,0,0,0,0,1,0,0,0,1,0,0,0,0,0,1,0,1
Y5WLeOYFTaIsMDoVyDuZpQ,1,1,0,0,0,0,0,1,0,0,0,0,1,0,0,0,1,0,0,0,0,0,1,0,0
NGG_WBDHa9DFjBgLTjyM1g,1,0,1,1,0,0,0,0,0,0,0,0,1,0,0,0,1,0,1,0,0,0,1,0,1
mdpf2ff-ssDs7fPg80BZjw,0,0,0,1,1,0,0,0,0,0,0,0,1,0,0,0,1,0,0,0,0,0,0,0,1
5Kr9o0fyeSPwdYctaFRykQ,1,0,0,1,0,0,0,1,0,0,0,0,1,0,0,0,1,0,0,0,0,0,0,0,0
kRIB6iAOpO265-UgzuH9TA,0,0,1,0,1,0,0,0,0,0,0,0,1,0,0,0,1,0,0,0,0,0,0,1,0
EvuDcCzl7QOlycwVw_d5Ww,0,1,0,1,1,0,0,0,0,0,0,0,1,0,0,0,1,1,1,0,0,0,1,0,1
YXzO5ND99QkuPEgBmXwPhA,0,0,1,1,0,0,0,0,0,0,0,0,1,0,0,0,1,0,0,0,0,0,0,0,1
i9VBK6UE1tkY_mU5yvF6zw,0,1,0,0,1,0,0,0,0,0,0,0,1,0,0,0,0,1,1,1,0,1,0,1,1
A7HhjyF-GKYAIHc1VOPs5g,0,0,0,1,0,0,0,0,0,0,0,0,1,0,0,0,1,0,0,0,0,0,0,0,1
cocWbEb-484yhBbHvyYq4w,1,0,1,1,0,0,0,0,0,0,0,0,1,0,0,0,0,0,0,0,0,0,1,1,0
lRPyiR07I9Z-IoYyoqH6SA,1,0,1,0,0,0,0,0,0,0,0,0,1,0,0,0,1,0,0,0,0,0,1,0,0
TzOPAKakBBSpGt0rutppjg,0,0,0,0,0,0,0,0,0,0,0,0,1,0,0,0,1,0,0,0,0,0,0,0,0
l3FUL1umPTmm3SuL2uAJ8w,0,0,1,0,0,0,0,0,0,0,0,0,1,0,0,0,0,0,1,0,0,0,1,1,0
FYQC7z-W1y8U--2Oio0PRA,0,1,0,1,0,0,0,0,0,0,0,0,1,0,0,0,1,1,0,1,1,1,0,0,1
KPFeIkkvgV3CAuiatGul3Q,1,0,1,0,1,0,0,0,0,0,0,0,1,0,0,0,1,0,0,0,0,0,1,0,0
WNO8nUwyu7OVM7nPq93-Eg,1,0,1,1,0,0,0,0,0,0,0,0,1,0,0,0,1,0,0,0,0,0,1,0,0
RLsb_74YFHzazuabaTmExg,1,0,1,1,0,0,0,0,0,0,0,0,1,0,0,0,1,0,0,0,0,0,1,0,1
oym4EHAErWl3pzUdxvBZig,0,1,0,1,1,0,0,0,0,0,0,0,1,0,0,0,1,1,1,1,0,1,1,1,1
0CTZardvNjSP_Le0tVSXKA,0,0,0,1,0,0,0,0,0,0,0,0,1,0,0,0,1,0,0,0,0,0,0,0,1
NKZu_7e6ZJizMuDvhtRZ7g,1,1,0,0,1,0,0,1,0,0,0,0,1,0,0,0,0,1,1,0,0,0,1,0,1
_Hp_HOTHmpTpPyffIsLM-Q,1,0,1,1,0,0,0,0,0,0,0,0,1,0,0,0,0,0,1,0,0,0,0,1,0
P9gKi6ZgX2UL9cEP8408wQ,0,1,0,0,0,0,0,0,0,0,1,0,1,0,0,0,0,0,1,0,0,0,1,0,1
iv7HkZh-dQUPMftZJ4MO-w,1,0,1,1,0,0,0,0,0,0,0,0,1,0,0,0,1,0,0,0,0,0,1,0,1
XXtoNU6jPJELx1U4C2NqVQ,1,0,1,1,1,0,0,0,0,0,0,0,1,0,0,0,1,0,0,0,0,0,1,0,0
dImkqnLHDE9f_ZJR-Q3Yjg,0,0,1,0,1,0,0,0,0,0,0,0,1,0,0,0,0,0,1,0,0,0,1,0,1
pG8uAAHrxKx60neKI6i9qw,1,1,0,0,0,0,0,0,0,0,0,0,1,0,0,0,1,1,1,1,1,0,0,0,1
ilEn1ldJM897-t1TGB0qeg,1,0,0,1,0,0,0,0,0,0,0,0,1,0,0,0,0,0,1,0,0,0,1,0,1
3uAjbKhO3banim7MWtMFSA,1,0,1,0,1,0,0,0,0,0,0,0,1,0,0,0,0,0,0,0,0,0,1,0,0
Vdcdd72bUPHN4dKGRN0kww,0,0,1,1,0,0,0,0,0,0,0,0,1,0,0,0,1,0,0,0,1,0,0,0,1
aFYR6fZxbKNCZvpw4KYnTA,1,0,1,1,0,0,0,0,0,0,0,0,1,0,0,0,0,0,1,0,0,0,1,0,0
d51ier7QWFRVYPeW7A5Q1w,1,0,1,0,0,0,0,0,0,0,0,0,1,0,0,0,0,1,1,1,0,1,1,1,1
Y21bYWjju7jAqXyr3tdj0Q,1,1,0,0,1,0,0,1,0,0,0,0,1,0,0,0,0,1,1,1,0,1,1,0,1
gBe0QkigFyPvGgN7iLImww,1,0,1,1,0,0,0,0,0,0,0,0,1,0,0,0,0,0,0,0,0,0,1,0,0
4tspCc1nghnatgUDAWEVFQ,1,0,1,1,0,0,0,0,0,0,0,0,1,0,0,0,1,0,1,0,0,0,1,1,0
IlVsauid90izfOqHFOHnvA,1,0,1,0,0,0,0,0,0,0,0,0,1,0,0,0,1,0,0,0,0,0,1,1,0
YAEkgGa0mGlUI5ppiVvq3A,1,1,1,1,0,0,0,0,0,0,0,0,1,0,0,0,0,1,1,1,1,1,1,0,1
8Bvo3D19vfErUnTqYpEr-Q,1,1,0,0,0,0,0,0,0,0,0,0,1,0,0,0,0,0,0,0,0,0,1,0,1
b9Z-5J1S4rlp8UQdw4NVaA,1,0,1,0,0,0,0,0,0,0,0,0,1,0,0,0,1,0,1,0,0,0,0,1,0
ohN3tNgpKdBUxyJOx0w0_w,1,0,1,0,1,0,0,1,0,0,0,0,1,0,0,0,1,0,0,0,0,0,1,0,0
N6W8mSctRM3kcjOEBIUZ-w,0,1,0,1,1,0,0,0,0,0,0,0,1,0,1,0,1,0,0,0,0,0,0,0,0
3V8otYTEdSoX0S2TklDXhA,0,1,0,1,1,0,0,0,0,0,0,0,1,0,0,0,1,0,0,0,0,0,0,0,0
sbejf4mYBE5157MiuYm1dQ,1,1,0,1,0,0,0,1,0,0,0,0,1,0,0,0,1,1,0,1,0,0,0,0,0
nFONk2ETerzFiBG8dkqJPw,1,1,0,1,1,0,0,1,0,0,0,0,1,0,0,0,1,1,0,1,1,1,1,0,1
27PxGiD0lV2-myeOEzXhiA,0,1,0,0,1,0,0,0,0,0,0,0,1,0,0,0,0,1,1,1,1,1,0,0,1
_fyWZhxZOciVKM8Bf46XRg,0,0,1,0,0,0,0,0,0,0,0,0,1,0,0,0,1,0,0,0,0,0,0,0,0
nUfvK4QtpgTELhnTc-6PBQ,1,1,1,1,0,0,0,0,0,0,0,0,1,0,0,0,1,1,1,1,1,1,0,0,1
3Xz0PBVYtImNqfizr-kxig,1,0,1,1,1,0,0,0,0,0,0,0,1,0,0,0,0,1,1,1,0,1,1,0,1
iSr47FDFBwJf83O935IOaA,1,0,0,1,0,0,0,0,0,0,0,0,1,0,0,0,0,1,0,0,0,0,1,1,1
W82BEQDaTyrLXRTYodPJkQ,1,0,1,0,0,0,0,0,0,0,0,0,1,0,0,0,0,0,0,0,0,0,1,0,0
fKXL-mxUmaosFns5R2NGew,0,0,0,0,1,0,0,0,0,0,0,0,1,0,0,0,0,0,1,0,0,0,1,1,1
"""-itWKfmltiljztmjiiy84w""",0,1,0,0,1,0,0,0,0,0,0,0,1,0,0,0,1,0,1,0,0,0,0,0,1
8gSRtxHoM-4G_7LY9wjNRA,0,0,0,0,0,0,0,0,0,0,0,0,1,0,0,0,1,0,1,0,0,0,1,1,1
KlyW2mMSVCXbl-q4N0qxSg,0,1,0,1,0,0,0,1,0,0,0,0,1,0,0,0,1,0,1,0,0,0,0,0,1
eeiSa0WWbkU7iO6WcTSH7A,1,0,0,1,0,0,0,0,0,0,0,0,1,0,0,0,0,0,0,1,0,0,1,0,0
3S25p9iGp2GhESwkBEONfg,1,1,0,1,1,0,0,1,0,0,0,0,1,0,0,0,1,1,1,1,1,1,0,0,1
1Rzf1TAEJRzht07dHlolqw,1,0,1,0,0,0,0,0,0,0,0,0,1,0,0,0,1,0,1,0,0,0,1,0,0
By5lbGyRD9-Zc-2x0aMLfQ,1,1,0,1,1,0,0,0,0,0,0,0,1,0,0,0,1,0,0,0,0,0,1,0,0
NZx8OrlbTfU2KZ6YKGKAzQ,0,1,0,0,1,0,0,0,0,0,0,0,1,0,0,0,0,1,0,1,1,1,1,1,1
37cMAp2avsDn5I7o6ZrTlA,0,1,0,0,1,0,0,0,0,0,0,1,1,0,1,0,0,1,1,1,0,1,0,0,0
MSyqm8b93arWfv4MFQDKyQ,0,1,0,1,0,0,0,0,0,0,0,0,1,0,0,0,1,0,0,0,0,0,0,0,1
nHlzKTQK372qvLC6tdxpFA,1,0,1,0,1,0,0,0,0,0,0,0,1,0,0,0,1,0,0,0,0,0,1,1,0
6cgtzsF6ZrRoyUxZIE1psw,1,0,1,1,0,0,0,0,0,0,0,0,1,0,0,0,1,0,1,0,0,0,1,0,0
_3Utc_H0XZQr1r9es3C5lg,1,1,0,0,1,0,0,0,0,0,0,0,1,0,0,0,1,0,0,0,0,0,1,0,0
NRsPYCfO-d6kydHzEgF41A,1,1,0,1,1,0,0,1,0,0,0,0,1,0,0,0,0,1,1,0,0,0,0,1,1
RUTF5QpXOLbhljbLnna9lg,0,1,0,1,1,0,0,0,0,0,0,0,1,0,0,0,1,0,1,0,0,0,0,0,1
N_k8FrfXAbSyn1Z7rbZzFw,1,0,1,0,0,0,0,0,0,0,0,0,1,0,0,0,1,0,0,0,0,0,1,1,1
tyFNpIr41og3Ba_t3gJi2g,0,1,0,0,0,0,0,0,0,0,0,0,1,0,0,0,1,0,0,0,0,0,0,0,0
B-nDRNTiMhVix0JC1krlvA,0,0,1,1,0,0,0,0,0,0,0,0,1,0,0,0,1,0,0,0,0,0,1,0,0
fn3tD8-7BJj1-RHnLDPYCg,0,1,0,0,1,0,0,0,0,0,0,0,1,0,0,0,0,0,0,0,0,0,0,0,0
9BmmOnULu-KlTdy339Rd0A,1,1,0,1,1,0,0,1,0,0,0,0,1,0,0,0,0,0,1,0,1,0,1,0,0
NHgEOLQRjkPhsUKDpRhO7Q,1,1,0,0,0,0,0,0,0,0,0,1,1,0,0,0,0,1,1,1,1,1,0,0,1
G3_cCUO4AZgomBJ1mIf6xQ,0,1,0,1,0,0,0,0,0,0,0,0,1,0,0,0,0,0,0,0,0,0,0,0,1
cOKalPrfcefzfsLLuH9f-A,1,0,1,1,0,0,0,0,0,0,0,0,1,0,0,0,0,0,0,0,0,0,1,1,0
hAm9YQhoybO-UdZQX5QLnA,1,0,0,1,1,0,0,0,0,0,0,0,1,0,0,0,0,0,0,0,0,0,0,0,1
89xUz0q6ZdBqA50t7lyS9Q,1,1,0,1,1,0,0,1,0,0,0,0,1,0,0,0,1,0,1,1,1,1,1,1,1
Eml3bKumuju28RdW6U_HsA,0,0,1,0,0,0,0,0,0,0,0,0,1,0,0,0,0,0,1,0,0,0,0,0,1
qDPwv6qnIIIB1_YN6urk5w,0,0,0,1,0,0,0,0,0,0,0,0,1,0,0,0,1,0,1,0,0,0,0,0,1
paN7igxvhn4s82KSh28nlA,1,0,1,0,0,0,0,0,0,0,0,0,1,0,0,0,1,0,1,0,0,0,1,0,0
Hbgu-mz4OMqrADKx1KG7nw,1,0,1,0,0,0,0,0,0,0,0,0,1,0,0,0,1,0,0,0,0,0,1,0,1
CjJwBIwaloqwrMjIqx39qw,1,1,0,0,1,0,0,0,0,0,0,0,1,0,0,0,0,1,1,1,0,1,1,1,1
uTjbHHkPAFBRicuFMPNYww,1,0,1,0,0,0,0,0,0,0,0,0,1,0,0,0,1,0,0,0,0,0,0,1,0
XyemD8Oy8zHioQK6cFCxNw,1,0,1,1,0,0,0,0,0,0,0,0,1,0,0,0,1,0,1,0,0,0,1,1,0
5u2XYMkdANdRND_CSUDZcA,0,0,0,0,0,0,0,0,0,0,0,0,1,0,0,0,1,0,0,0,0,0,0,0,1
Tp9lCOS7WPQdQ8DLEhNIcQ,1,0,1,1,0,0,0,0,0,0,0,0,1,0,0,0,1,0,0,0,0,0,0,0,0
PtI5ba10pQrf-fjSI6BERw,1,0,1,0,0,0,0,0,0,0,0,0,1,0,0,0,0,0,1,0,0,0,1,1,0
193wg-k2HF6Nc2h1THBNsQ,0,0,0,0,0,0,0,0,0,0,0,0,1,0,0,0,0,0,1,0,0,0,0,0,0
LuoceSDcfentec2E1DQG_w,1,0,0,0,0,0,0,0,0,0,0,0,1,0,0,0,1,0,0,0,0,0,1,1,0
6YAeY-GkJuQXtI8x8Pnmkw,0,0,1,0,0,0,0,0,0,0,0,0,1,0,0,0,1,0,1,0,0,0,0,1,1
2jCbGhBj1qvzT8rieYmDDA,1,0,1,1,1,0,0,0,0,0,0,0,1,0,0,0,0,0,0,0,0,0,1,0,0
apYp1PnFBoCwyfhFgy5MQw,1,0,1,0,0,0,0,0,0,0,0,0,1,0,0,0,1,0,1,0,0,0,1,1,0
2zA14zbA3VO79VQ-edFyMw,1,0,0,0,0,0,0,0,0,0,0,0,1,0,0,0,1,0,0,0,0,0,1,0,1
mEiD5FlwtJs8jUcz6zerrw,1,0,1,1,0,0,0,0,0,0,0,0,1,0,0,0,0,1,0,0,0,0,1,0,1
Kz1FpeuE7Q0MC7mm5JxeGA,0,0,1,0,0,0,0,0,0,0,0,0,1,0,0,0,1,0,1,1,1,0,1,1,1
WhRpscJ2yJ-SawVpgrTwYw,1,1,0,1,0,0,0,0,0,0,0,0,1,0,0,0,1,0,1,0,0,0,1,0,0
AncgQffXPs3DV3_1_UFYUQ,0,0,1,1,0,0,0,0,0,0,0,0,1,0,0,0,1,0,0,0,0,0,1,0,0
DSkP4f-if9v69MkBMo5PFQ,1,1,0,1,0,0,0,0,0,0,1,0,1,0,0,0,0,1,1,1,1,1,1,0,1
7kxXqQ7U5A0FvzFXN-ZZuA,1,1,0,0,0,0,0,1,0,0,1,0,1,0,0,0,0,0,1,1,0,0,1,1,1
107nkNCAztnajti__Zuiyg,1,1,0,1,0,0,0,0,0,0,0,0,1,0,0,0,0,1,1,1,1,1,0,0,1
ZpocdwGv3pVByH1L13a7ow,0,0,1,0,0,0,0,0,0,0,0,0,1,0,0,0,0,0,1,0,0,0,1,0,1
Fd8W1-dmFGn1XGinhUrMVg,1,0,1,0,0,0,0,0,0,0,0,0,1,0,0,0,0,0,0,0,0,0,0,0,0
kSk1YvrPKsLT0GbRF_Wimw,1,1,0,1,0,0,0,0,0,0,0,0,1,0,0,0,1,0,0,0,0,0,0,0,1
kxjLF6cY-L8L7oEo1BHQLg,0,0,0,1,1,0,0,0,0,0,0,0,1,0,1,0,1,0,0,0,0,0,1,0,1
5-RXwbkzxYWCe4GVTqq2pQ,1,0,0,1,0,0,0,0,0,0,0,0,1,0,0,0,1,0,0,0,0,0,0,0,0
bGOdI-gAhRnBoUNHwHIu5g,1,1,1,0,0,0,0,0,0,0,0,0,1,0,0,0,0,1,1,0,0,0,1,1,1
DD-QUvfc1ov-L_1bArqXvA,0,1,0,1,0,0,0,0,0,0,0,0,1,0,0,0,1,0,0,0,0,0,0,0,1
drIkhxP4EBt1WVnpRO0l8A,0,0,1,0,0,0,0,0,0,0,0,0,1,0,0,0,1,1,1,0,0,0,0,0,0
yBUsOWES-SNjR-PU9e3uWw,0,0,1,1,0,0,0,0,0,0,0,0,1,0,0,0,0,0,1,0,0,0,0,0,1
aqir_P300Lcm8JNOOR3jAw,1,1,0,0,1,0,0,1,0,0,0,0,1,0,0,0,0,1,1,1,1,1,1,0,1
UzJ8gwWHQZ9ivda9fot8hA,0,0,0,1,0,0,0,1,0,0,0,0,1,0,0,0,1,1,1,0,0,0,0,0,0
0UAL7l_cuItoaYf4DCpWkA,1,1,0,0,1,0,0,0,0,0,0,0,1,0,0,0,1,1,0,1,1,1,1,0,1
"""-U8bg8xAMl3JO6SvJ87eAw""",1,0,1,1,0,0,0,0,0,0,0,0,1,0,0,0,0,0,1,0,0,0,1,1,0
Vq9sKNevjlDDapKIGlynCg,1,0,1,1,0,0,0,0,0,0,0,0,1,0,0,0,1,0,0,0,0,0,0,1,0
It-kjIB5byflOjFsPqxR0w,1,1,0,1,0,0,0,0,0,0,0,0,1,0,0,0,1,1,1,1,1,0,1,0,1
WIXBHVc51ZVkPaijtrTc6g,1,0,1,1,0,0,0,0,0,0,0,0,1,0,0,0,1,0,0,0,0,0,1,0,0
q15Gv0bfk3YKy-bY-aYYNQ,1,1,0,0,1,0,0,1,0,0,0,0,1,0,0,0,0,0,0,0,0,0,0,0,1
T_2FCiJ9Xm3js_j-Whamog,1,0,1,0,0,0,0,0,0,0,0,0,1,0,0,0,0,0,1,0,0,0,1,0,0
WfUHekkmi6vlGKsFIz305w,1,0,1,0,0,0,0,0,0,0,0,0,1,0,0,0,1,0,0,0,0,0,1,1,0
mv944c_rrgv-a7qSHspVKA,0,0,0,1,0,0,0,0,0,0,0,0,1,1,0,0,1,0,0,0,0,0,0,0,1
DrCDLf1wJ2Tsq30vtswilw,0,0,0,0,1,0,0,0,0,0,0,0,1,0,0,0,1,1,1,1,1,0,1,0,0
SZBeiybrsgDSwHKD73qmxg,1,0,1,0,0,0,0,0,0,0,0,0,1,0,0,0,0,1,1,1,0,1,0,1,1
_5tNYqL_K2XM8zC0vkp9mg,1,1,0,0,1,0,0,1,0,0,0,0,1,0,0,0,1,0,1,0,1,0,1,0,0
NvdmZ0GxglFXhm6VAuBuHA,0,0,0,0,0,0,0,0,0,0,0,0,1,0,0,0,1,0,0,0,0,0,0,0,1
Pa_5_egy4deHAstlunnEhg,0,1,0,1,0,0,0,0,0,0,0,0,1,0,0,0,0,0,0,0,0,0,1,0,1
tPPuXrS6VTbG7FCE8dfqvQ,1,0,1,1,0,0,0,0,0,0,0,0,1,0,0,0,0,0,0,0,0,0,1,0,0
COEyawUaR2aaD12zixfKqw,0,0,1,0,0,0,0,0,0,0,0,0,1,0,0,0,1,0,1,0,0,0,0,0,1
dw7JgmhbFL_VDRqYzZ4nVA,0,0,1,1,0,0,0,0,0,0,0,0,1,0,0,0,1,0,0,1,1,1,1,0,0
aD-O78oyNBTxH8HxUzuERg,1,0,0,1,0,0,0,0,0,0,0,0,1,0,0,0,1,0,1,0,0,0,1,1,0
tba2mjEKau1ZVddqhUU77Q,1,1,0,1,0,0,0,1,0,0,0,0,1,0,0,0,0,0,1,1,1,1,1,1,1
dkvEZc3XkSKdz0pZGR3YdA,0,1,0,0,1,0,0,0,0,0,0,0,1,0,0,0,0,1,1,1,1,1,1,1,1
jvcmyCt_MlObOLJobzWpRQ,0,0,1,1,0,0,0,0,0,0,0,0,1,0,0,0,0,0,1,0,0,0,1,1,1
kM2BQlUINSpy8SpGz3qTOg,0,0,0,0,1,0,0,0,0,0,0,0,1,0,0,0,1,0,0,0,0,0,0,0,1
ofb4IMLlYbvyeSkdmKbnWQ,1,0,0,1,0,0,0,1,0,0,0,0,1,0,0,0,1,0,0,0,0,0,0,0,1
xy74lmYlFqz1u2430tXPhg,0,0,1,0,0,0,0,0,0,0,0,0,1,0,0,0,0,0,1,0,0,0,0,0,1
RtYkSDLObWEpsCKdfBTeUQ,1,0,0,1,0,0,0,1,0,0,0,0,1,0,0,0,1,0,0,0,0,0,0,0,1
HoKINa_F5Zy0mWwNwzJBWA,1,1,0,0,0,0,0,0,0,0,0,0,1,0,0,0,0,0,1,0,0,0,1,0,0
H3mdHfXz3saLk7tC8A0kDg,1,0,0,0,1,0,0,0,0,0,0,0,1,0,0,0,1,0,0,0,0,0,1,1,0
ej154p_aBtJMU2UFOAN5Ag,1,0,1,1,1,0,0,0,0,0,0,0,1,0,0,0,1,0,0,0,0,0,1,1,0
gJBcVRKPykxX5L1Rb2YtrQ,0,1,0,0,1,0,0,0,0,0,0,0,1,0,0,0,0,1,0,1,0,1,0,0,1
S1HMxU5ZEH6F77uWMMrDsg,0,0,1,0,0,0,0,0,0,0,0,0,1,0,0,0,0,0,1,0,0,0,0,0,0
kr-u0eEeOJFDYvAnRlUI_w,1,0,1,1,0,0,0,0,0,0,0,0,1,0,0,0,1,0,0,0,0,0,0,0,0
FsCjWO9s6j97W7rGRSHPZA,1,1,1,0,0,0,0,1,0,0,0,0,1,0,0,0,1,1,0,1,1,1,1,1,1
E5JOEZxzOd-kvDafHsuDiA,0,0,1,1,0,0,0,0,0,0,0,0,1,0,0,0,1,0,1,0,0,0,0,0,1
qZ3UYJt3MtXYTdpqWVJ7kA,1,0,1,1,0,0,0,0,0,0,0,0,1,0,0,0,1,0,0,0,0,0,1,0,1
dvrS2iR13hyartmOz73ymA,0,0,1,1,0,0,0,0,0,0,0,0,1,0,0,0,1,0,0,0,0,0,1,0,0
NZbg1wRESAsQZ5IKQPIzCw,1,0,1,0,0,0,0,0,0,0,0,0,1,0,0,0,0,0,1,0,0,0,1,0,1
WZTGKkNOoKX-siVudiG6Ow,1,0,1,1,0,0,0,1,0,0,0,0,1,0,0,0,1,0,0,0,0,0,1,0,0
zWXzt5ksAvrttCABOicpUw,1,1,0,1,0,0,0,0,0,0,0,0,1,0,1,0,0,0,0,1,1,1,1,1,1
8kzbee2qqlCU_1YLtPWVSA,1,1,0,0,0,0,0,1,0,0,0,0,1,0,0,1,0,0,1,0,0,0,1,0,0
qWITQoQ4fXS0M9zk2ImH8Q,0,0,0,0,1,0,0,0,0,0,0,0,1,0,0,0,1,0,0,0,0,0,0,0,0
oNvmQMbxM6MVRxpfLYgAxw,1,1,0,0,1,0,0,0,0,0,0,0,1,0,0,0,0,1,1,1,1,1,0,0,1
oQZfczhTl_L7r5awz5fsUQ,1,1,0,1,1,0,0,0,0,0,0,0,1,0,0,0,0,0,1,0,0,0,1,0,1
_84vrIqsfX4nH8rBNUDdcQ,0,0,1,1,1,0,0,0,0,0,0,0,1,0,0,0,1,0,1,0,0,0,0,1,1
Q7TnB7thpzuQH3N4r2jgaQ,1,0,1,1,1,0,0,0,0,0,0,0,1,0,0,0,0,0,0,0,0,0,1,0,0
iXIG8oAdmfl4M_vJ1zSWug,0,0,1,0,0,0,0,0,0,0,0,0,1,0,0,0,1,0,0,0,0,0,0,1,1
JadjudnmklsMBgpZNyiPdg,0,1,0,1,1,0,0,0,0,0,0,0,1,0,0,0,1,1,1,1,1,1,1,0,1
LSAIej3j9dIv7kpURJIk1g,1,1,0,1,1,0,0,1,0,0,0,0,1,0,0,0,0,0,0,0,0,0,1,0,0
jiKdeBA_Gp_yTeCRN4ZKzA,1,1,0,1,1,0,0,0,0,0,0,0,1,0,0,0,1,1,1,0,0,0,0,0,0
u_xudhW2-DC9Ity24UTQXQ,1,0,1,0,1,0,0,0,0,0,0,0,1,0,0,0,1,0,0,1,0,1,0,0,1
SdT4uT2l8aMS33_HKThamQ,0,0,0,0,0,0,0,0,0,0,0,0,1,0,0,0,0,0,1,0,0,0,0,0,1
x82rItI9whe6puE1Ido86Q,0,1,0,1,0,0,0,0,0,0,0,1,1,0,0,1,1,1,1,0,0,0,0,0,0
1H1BV4KBc7T6IZOuWr5oPA,0,0,1,1,1,0,0,0,0,0,0,0,1,0,0,0,1,0,0,1,1,1,0,0,1
oG6OEaXCpij9HyN4vULSgg,1,1,0,1,0,0,0,0,0,0,0,0,1,0,0,0,1,1,0,1,1,1,1,0,1
8jPZX5IHAmL35gnSHu7Hdg,0,1,0,1,0,0,0,0,0,0,0,0,1,0,0,0,0,0,1,0,0,0,1,0,0
MneetYzDH1bR4-xALz5pnA,1,0,1,1,0,0,0,0,0,0,0,0,1,0,0,0,0,0,1,0,0,0,0,0,1
XgYb2fEJJkbUNjxInBZqvA,0,0,1,0,0,0,0,0,0,0,0,0,1,0,0,0,1,1,1,1,1,1,0,0,1
QzIJAgbJuYsUYOoV7TPZIA,0,0,0,1,1,0,0,0,0,0,0,0,1,0,0,0,1,0,0,0,0,0,1,1,1
5QVEammFUEw8ScLOQeaWEQ,1,0,0,0,0,0,0,0,0,0,0,0,1,0,0,0,0,0,1,0,0,0,1,0,0
jKCFBV_OvvT-hpK7v_PBgg,0,1,0,0,1,0,0,0,0,0,0,0,1,0,0,0,0,0,0,0,1,0,0,0,1
QSRWHd_vJweMPlL27MmBYQ,1,0,1,0,0,0,0,0,0,0,0,0,1,0,0,0,0,0,1,0,0,0,1,0,0
wekHs-x50WDx0Tflk1Y2Yw,1,0,0,1,1,0,0,0,0,0,0,0,1,0,0,0,1,0,0,0,0,0,1,0,0
q0kVHr_GZ-T2xezbaWZXxA,0,0,1,0,0,0,0,0,0,0,0,0,1,0,0,0,1,0,0,0,0,0,0,0,0
9-HTqSY1kDSghrwXtlDkWg,0,1,0,1,1,0,0,0,0,0,0,0,1,0,0,0,1,0,0,0,0,0,0,0,1
fgQY6w3Khy8wvULANDJF-w,1,0,1,1,0,0,0,0,0,0,0,0,1,0,0,0,1,0,0,0,0,0,1,0,0
b--uv1boYXVfuM8LDBoSHQ,0,0,0,1,1,0,0,0,0,0,0,0,1,0,0,0,1,0,0,0,0,0,0,1,0
ttsfkYDrfAIekW7v4qpyeA,1,0,1,1,0,0,0,1,0,0,0,0,1,0,0,0,1,0,1,0,0,0,1,0,0
Wj9oybLMuMTwCtHfTWrCEA,1,0,1,0,0,0,0,0,0,0,0,0,1,0,0,0,1,0,1,0,0,0,1,0,1
s4u3daKO1FNcmisNTkE-Ew,0,0,1,0,0,0,0,0,0,0,0,0,1,0,1,0,1,0,1,0,0,0,0,0,0
NW9t0rwQpyXbua6_fmD5Sw,1,0,1,0,0,0,0,0,0,0,0,0,1,0,0,0,1,1,1,1,1,1,0,0,0
AC81zcdk3E04ORb8Vl3AYQ,1,0,0,1,1,0,0,0,0,0,0,0,1,0,0,0,0,0,0,0,0,0,1,0,1
"""-dQnUfzqYvhsOXfTC7CVpg""",1,0,1,1,0,0,0,0,0,0,0,0,1,0,0,0,1,0,0,0,0,0,1,0,0
0q01xZPCStogK4iGrm_Qjw,0,0,0,1,1,0,0,0,0,0,0,0,1,0,0,0,1,0,0,0,0,0,0,0,0
Y0lTxnZ1dsEvhqciaAkFsQ,0,1,0,1,0,0,0,0,0,0,0,0,1,0,1,0,1,0,0,0,0,0,0,0,0
OdJd6eplybyUyNCxORudEQ,0,1,0,0,0,0,0,0,0,0,0,0,1,0,0,0,0,1,1,1,0,1,1,1,1
WUvFTbT0n9_zyinyZgLmjw,1,0,1,0,0,0,0,0,0,0,0,0,1,0,0,0,1,0,1,0,0,0,1,0,0
WyWZqWz95aUpU-yV-T3jKw,0,0,1,1,0,0,0,0,0,0,0,0,1,0,0,0,1,0,0,0,0,0,0,0,1
La2759k66FORLbr14xpprg,0,1,0,0,1,0,0,1,0,0,0,0,1,0,0,0,1,0,0,0,0,0,0,0,1
LrA7j1yyzAS56blLFmrTRA,1,0,1,0,0,0,0,0,0,0,0,0,1,0,0,0,0,0,0,0,0,0,1,0,1
dldHhOlCyIypgGUkbgkDkQ,1,0,0,1,0,0,0,0,0,0,0,0,1,0,0,0,1,0,0,0,0,0,0,0,0
_8CTLYLu8_Y_XC1Tb2lW1w,0,0,1,0,0,1,0,0,0,0,0,0,1,0,0,0,0,0,1,0,0,0,0,0,0
xFZDlhBeE65vL5Ar9CQpsQ,1,0,1,0,0,0,0,0,0,0,0,0,1,0,0,0,0,0,0,0,0,0,0,0,0
K9KRh8YwJvNqqAqRa78tIQ,0,1,1,0,0,0,0,0,0,0,0,0,1,0,1,0,1,0,0,0,0,0,1,0,1
uflrgQpsGVwhFZpN3XerrA,1,1,0,0,0,0,0,0,0,0,0,0,1,0,0,0,0,1,1,1,0,1,1,0,1
h2gU2zQg4ARhkVLTBlq_Uw,1,0,1,0,0,0,0,0,0,0,0,0,1,0,0,0,1,0,0,0,0,0,1,1,0
Rb2NyBhaQSF865buGrbpKw,1,0,1,1,0,0,0,0,0,0,0,0,1,0,0,0,0,0,0,0,0,0,1,0,0
A6JdlQ1wL4kNFbJsEeqvuQ,1,0,1,0,0,0,0,0,0,0,0,0,1,0,0,0,0,0,0,0,0,0,0,0,0
"""-pFQPm7PSC2zRCG0YIQ19w""",0,0,1,1,0,0,0,0,0,0,0,0,1,0,0,0,0,0,0,0,0,0,0,0,0
YKPcXm5fHiSW28Qoq3_GIQ,0,1,0,0,1,0,0,0,0,0,0,1,1,0,0,0,1,0,0,0,0,0,0,0,1
t7c_jCij19LIaDPC270S9w,1,0,1,1,0,0,0,0,0,0,0,0,1,0,0,0,0,0,0,0,0,0,1,1,0
FzZKiIyXTfI5glusR3prgw,1,0,0,0,0,0,0,0,0,0,0,0,1,0,0,0,1,0,1,0,0,0,1,1,0
SnCpnFFd4dp6EEBNldDQsQ,1,0,1,1,0,0,0,0,0,0,0,0,1,0,0,0,0,0,0,0,0,0,0,0,0
RUewpodpzdr6Ysh-28T7dA,1,0,1,0,0,0,0,0,0,0,0,0,1,0,0,0,0,1,0,1,1,1,0,0,0
upRa_nRCIf0gO0p-NFVk0Q,0,0,0,1,1,0,0,0,0,0,0,0,1,0,0,0,1,0,1,0,0,0,0,0,0
i_Cb7KOfbv37OLGiAnoTGg,0,0,1,0,0,0,0,0,0,0,0,0,1,0,0,0,0,0,1,0,0,0,0,0,1
J0rrHmF8PmS01bervCgTDA,0,1,0,1,0,0,0,1,0,0,0,0,1,0,0,0,1,0,1,1,0,1,1,0,1
p0o6EoVPUJoBj8nMkp0C6w,0,0,1,0,1,0,0,0,0,0,0,0,1,0,0,0,1,0,0,0,0,0,1,0,1
VTgSLc55df-fXNb_R0SDhw,1,1,0,1,0,0,0,0,0,0,0,0,1,0,0,1,1,0,0,0,0,0,1,0,0
JvWI7i2s7Wif3rpuFvW1eA,1,0,1,1,1,0,0,0,0,0,0,0,1,0,0,0,1,1,1,1,1,1,1,1,1
2u2KfKkgFpjCv7tXVqbTig,1,0,1,0,0,0,0,0,0,0,0,0,1,0,0,0,0,0,0,1,0,1,0,0,0
NTqMve7-iKCYy4COqb0BJw,0,1,0,0,1,0,0,0,0,0,0,0,1,0,1,0,1,0,1,0,0,0,0,1,1
MYt13jrQPaDpQVL6krVecw,0,0,1,1,0,0,0,0,0,0,0,0,1,0,0,0,0,0,1,0,0,0,1,0,1
dU5R6aAaR7seuf77H_Q3Zw,1,1,0,0,0,0,0,0,0,0,0,0,1,0,0,0,0,0,0,0,0,0,1,0,0
tGBD3XovOzPCLbWCAPp1sw,1,0,1,1,0,0,0,0,0,0,0,0,1,0,0,0,0,0,1,0,0,0,1,0,0
9nRz1p5y163ig2ibde8EjQ,1,0,1,0,0,0,0,0,0,0,0,0,1,0,0,0,1,1,1,0,0,0,1,1,0
sk4KLpevsOM59LyTXE_YNg,1,1,0,0,1,0,0,0,0,0,0,0,1,0,0,0,0,1,1,0,0,0,1,1,1
e_Q23mI6-E3Eed1YKXxNxw,0,0,0,0,0,0,0,0,0,0,0,0,1,0,0,0,1,0,0,0,0,0,0,0,1
TdspDCfUdsHgaegkBd-WLA,0,0,0,1,0,0,0,0,0,0,0,0,1,0,1,0,1,0,0,0,0,0,0,0,1
FYY-9IXWiHjhsHbJuFyrVw,1,0,1,0,0,0,0,0,0,0,0,0,1,0,0,0,0,0,0,0,0,0,1,0,0
NHjc1djwosS98aNv17NVWw,1,0,1,0,0,0,0,0,0,0,0,0,1,0,0,0,0,0,0,0,0,0,0,0,0
t4fHA9Iu2vcekqezXqSgTw,1,1,0,0,0,0,0,0,0,0,0,0,1,0,0,0,0,0,1,0,0,0,1,1,1
miQAkO1Is0twBUZmRp2SLA,0,0,1,0,0,0,0,0,0,0,0,0,1,0,1,0,0,0,0,0,0,0,0,0,1
NOuNBSSL04YdtvoPRSoA5w,1,0,1,1,0,0,0,0,0,0,0,0,1,0,0,0,0,0,0,0,0,0,1,1,0
Cocx-HunUwx98UE99VKehg,0,1,0,0,1,0,0,0,0,0,0,0,1,0,0,0,0,0,1,0,0,0,0,1,1
ApA3Y0EiGCBgMxDs3_4qeg,0,1,0,1,1,0,0,0,0,0,0,0,1,0,0,0,1,1,1,0,0,0,1,1,1
9zfDdqHODqp2NjYpipGxJw,0,0,1,0,0,0,0,0,0,0,0,0,1,0,1,0,0,0,1,0,0,0,1,0,0
ZrXC1SDGS5KWkGQ57ppSQQ,1,1,0,1,0,0,0,1,0,0,0,0,1,0,0,0,1,1,1,0,0,0,1,1,1
DDBMfggeognM5m9Inhy4hg,0,1,0,1,0,0,0,0,0,0,0,0,1,0,1,0,1,0,0,0,0,0,0,0,1
QtRMl0q2Eha_JY0XOqnzzA,1,0,1,1,0,0,0,0,0,0,0,0,1,0,0,0,0,0,0,0,0,0,1,0,0
0V7OSn4NfdBJV60p18zgrw,1,1,0,1,1,0,0,0,0,0,0,0,1,0,0,0,1,1,1,1,0,1,0,1,1
s1f-7fU1TXCN1WSr037mwg,1,0,1,1,0,0,0,0,0,0,0,0,1,0,0,0,0,0,1,0,0,0,1,0,0
nifk7V6bAngytpsjiKBK6Q,1,0,1,1,0,0,0,1,0,0,0,0,1,0,0,0,0,0,0,0,0,0,1,1,0
2hdu_7FKB15xscgNwZpAWg,1,0,1,0,0,0,0,0,0,0,0,0,1,0,0,0,0,1,0,0,0,0,1,0,0
viIR8E167hILYb5VSrz5fA,1,0,0,0,0,0,0,0,0,0,0,0,1,0,0,0,1,0,0,0,0,0,1,1,0
f0zHRymTcNauAo-Kxv-B4g,0,0,1,1,1,0,0,0,0,0,0,0,1,0,0,0,0,0,0,0,0,0,0,0,0
NcuNXcX3CK-lN1WnTUqmEw,0,0,1,0,0,0,0,0,0,0,0,0,1,0,1,0,0,0,1,0,0,0,0,0,1
6yPEUuetuyK1y_sZWxOh1w,0,1,0,1,0,0,0,0,0,0,0,0,1,0,0,0,0,1,1,1,1,1,1,0,1
DSC5Wqfsf15UkRDZ-cLKOg,1,0,0,1,0,0,0,1,0,0,0,0,1,0,0,0,1,0,0,1,0,0,1,0,1
WzLIIFolG-UePJg7Paly6w,0,0,0,1,0,0,0,0,0,0,0,0,1,0,0,0,1,1,0,1,1,1,0,0,1
K8ESRMoh9gHXXyUpFYG-vw,1,0,1,1,0,0,0,0,0,0,0,0,1,0,0,0,1,0,1,0,0,0,1,0,0
FHrPyU6vXddzA63UjVA9_g,1,0,1,1,0,0,0,1,0,0,0,0,1,0,0,0,1,1,1,1,0,0,1,0,1
QOODHI2QpZsHnm-LKn-HGw,1,0,1,1,1,0,0,1,0,0,0,0,1,0,0,0,1,1,1,0,0,0,1,0,0
EKXTIcZEXZ5Kt0g_XXkAaw,1,1,0,1,0,0,0,0,0,0,0,0,1,0,0,0,1,1,1,1,1,1,1,0,1
VFhN4nkleGn4K213MPP16A,0,0,0,1,1,0,0,0,0,0,0,0,1,0,0,0,0,0,0,0,0,0,1,0,0
QbHRs4cL1MvvdMO9iVwXzg,1,0,1,1,0,0,0,0,0,0,0,0,1,0,0,0,0,1,1,1,1,1,0,0,1
8zaYVDgOdLBgwJ-gyZnrdA,1,1,0,0,0,0,0,0,0,0,0,0,1,0,0,0,0,1,1,0,0,0,1,1,1
lD6L37Yj8uC_9lXXYaQS9A,0,1,0,1,0,0,0,0,0,0,0,0,1,0,0,1,1,0,0,0,0,0,0,0,1
tMtp3-Z1HyJ9A3vQTWf3Lg,1,0,1,1,0,0,0,1,0,0,0,0,1,0,0,0,1,0,1,0,0,0,1,0,0
JjRI6IiueK9snefpLSt3kg,1,1,0,1,1,0,0,0,0,0,0,0,1,0,0,0,1,1,1,1,0,1,0,1,1
6hxCJNBiTsTRUxTa-a6--A,1,0,0,1,0,0,0,0,0,0,0,0,1,0,0,0,0,0,0,0,0,0,1,1,0
rLAW5lRZ_aPHyB45EpzzDg,1,0,1,1,0,0,0,0,0,0,0,0,1,0,0,0,0,1,1,0,0,1,1,0,0
n565Ot9oWDvMvj70WP6wkw,0,1,0,1,0,0,0,0,0,0,0,0,1,0,0,0,0,0,1,0,0,0,0,0,1
2Yh-xJ6SsFaj-oDUdHlnag,1,1,0,0,1,0,0,0,0,0,0,0,1,0,0,0,1,1,0,1,0,1,1,0,1
vmA7Gr7JwCLLffQzw9sQ1A,1,0,1,0,0,0,0,0,0,0,0,0,1,0,0,0,0,0,0,0,0,0,1,1,1
LRVj3c8-DuThVwBtD_bWxw,1,0,1,1,1,0,0,0,0,0,0,0,1,0,0,0,1,0,0,0,0,0,1,0,0
C88bjfFZhwHwb_1b2FMpNw,1,0,0,0,1,0,0,0,0,0,0,0,1,0,0,0,1,0,0,0,0,0,1,0,0
GaJz1o21KwmWCugCPy6Yuw,1,0,1,1,0,0,0,1,0,0,0,0,1,0,0,0,1,0,0,0,0,0,0,0,0
Ihm2c4NK69CYqeLJSOFrOA,1,1,0,0,0,0,0,0,0,0,0,0,1,0,0,0,0,0,0,1,1,1,0,0,1
A6zuJovjWIurHnmBZ95wDg,0,0,1,0,0,0,0,0,0,0,0,0,1,0,0,0,0,0,0,0,0,0,0,0,1
ule3rYhrKSGQJKr356agEw,1,1,0,0,0,0,0,0,0,0,0,0,1,0,0,0,0,0,1,0,0,0,0,1,1
W6QoEy_mNTK5_h6gQr7MTA,1,0,1,1,0,0,0,0,0,0,0,0,1,0,0,0,1,0,0,0,0,0,1,0,0
XN_odUJU1aYKFFQg9zv6iA,0,0,1,1,0,0,0,0,0,0,0,0,1,0,0,0,0,1,1,1,1,1,1,0,1
trOF9aocNeTOnlgkfSagDQ,1,0,1,0,0,0,0,0,0,0,0,0,1,0,0,0,1,0,0,0,0,0,1,0,0
pY2mdduqpqa5O2HQA2k9Sg,1,0,1,1,0,0,0,0,0,0,0,0,1,0,0,0,1,0,0,0,0,1,1,1,0
HhU-HEb8VZhc3GSV9tjInw,1,0,1,1,0,0,0,1,0,0,0,0,1,0,0,0,0,0,0,0,0,0,1,0,1
G0mw7J7fpZakmJCEVuI0oQ,1,1,1,0,1,0,0,1,0,0,0,0,1,0,0,0,0,0,1,0,0,0,1,1,0
QMbBtIrc0sZwjPnorD4Fhg,1,0,1,0,0,0,0,0,0,0,0,0,1,0,0,0,0,0,0,0,0,0,0,0,0
qzSM-OSWLax-vA_k4t17Zw,1,1,0,0,1,0,0,0,0,0,0,0,1,0,1,0,0,1,0,0,0,0,0,1,1
0-CUAX9SGBYsRO_U-KjnDg,0,1,0,1,1,0,0,0,0,0,0,0,1,0,0,0,1,0,0,0,0,0,1,0,1
nLfmEKhEcQKLtFv9sIaSVQ,0,0,1,1,0,0,0,0,0,0,0,0,1,0,0,0,1,0,1,0,0,0,0,0,1
A_2EVz5izadu265vPXf4Pg,1,0,1,1,0,0,0,0,0,0,0,0,1,0,0,0,1,0,0,0,0,0,1,0,1
hxELIt6uaxsrEzM4nWFzBA,1,0,1,1,0,0,0,0,0,0,0,0,1,0,0,0,1,0,0,0,0,0,1,1,1
YYQmHQWGTxtxipbwuFl3Dw,0,1,0,0,0,0,0,0,0,0,0,0,1,0,0,0,0,0,1,0,0,0,1,0,0
N6yq6jkCNktIsNzyaqe4Ug,1,1,0,0,0,0,0,0,0,0,0,0,1,0,0,0,0,1,0,0,0,0,1,1,0
rrB4dIa53KB3pm-Qzykevg,0,1,0,1,0,0,0,0,0,0,0,0,1,0,0,0,0,1,1,1,0,1,0,0,1
W9or3Ds1S4M_Hr3dfAy4Iw,1,0,0,1,0,0,0,0,0,0,0,0,1,0,0,0,0,0,0,0,0,0,1,0,0
8wzfqNnk05T5ikquInLPOg,0,0,0,1,0,0,0,0,0,0,0,0,1,0,0,0,0,1,0,1,1,1,0,0,1
Okx3Js4CWtXWOXkYK64q8w,0,0,0,0,0,0,0,0,0,0,0,0,1,0,0,0,1,0,0,0,0,0,0,0,0
Vu6rNY3-zOXaNY1o2oACxQ,1,0,1,1,1,0,0,0,0,0,0,0,1,0,0,0,0,0,0,0,0,0,1,0,0
khLLaQinnxt3bMaBGv3C8Q,0,0,1,1,0,0,0,0,0,0,0,0,1,0,1,0,1,0,1,0,0,0,0,0,0
RURKROpgihNXQZYP_iT-Jg,0,0,1,0,1,0,0,0,0,0,0,0,1,0,0,0,0,0,0,0,0,0,0,1,0
QQXf98pOjCvM9dR38I8ExA,1,0,1,1,0,0,0,0,0,0,0,0,1,0,0,0,0,0,0,0,0,0,1,0,0
eH9HVIjUPUr3k4UU5f421A,1,0,0,1,0,0,0,0,0,0,0,0,1,0,0,0,0,0,0,0,0,0,0,0,0
"""-iR9P4pQJsr74ZqZ5ASDXg""",0,1,0,0,1,0,0,0,0,0,0,0,1,0,0,0,1,0,1,0,0,0,0,1,0
vENnf9uV_i6uP3bbgDmZ4w,0,0,0,1,0,0,0,0,0,0,0,0,1,0,0,0,1,0,0,0,0,0,1,0,1
vuZL4gw_Aet-rC8RNxzlHQ,0,1,0,1,0,0,0,0,0,0,0,0,1,0,0,0,1,0,0,0,0,0,0,1,1
JGbaqzAKcOvf4M2_dCNvCg,1,0,1,0,0,0,0,0,0,0,0,0,1,0,0,0,1,0,0,0,0,0,0,0,1
rTOlJ2zPkn5IH06D37A8-w,1,1,0,0,0,0,0,1,0,1,0,0,1,0,0,0,0,0,0,0,0,0,1,1,1
9lMvX-xc0nrYFetPdD67rg,1,0,1,0,0,0,0,0,0,0,0,0,1,0,0,0,0,0,0,0,0,0,1,0,0
mzKo764s24upeiDQbv4avw,1,0,1,1,1,0,0,0,0,0,0,0,1,0,0,0,1,0,0,0,0,0,0,1,0
JX5BOOzRorasnFq6NxU9Cg,1,1,0,0,0,0,0,1,0,0,0,0,1,0,0,0,1,1,1,1,1,1,1,1,1
EQ5SJO8LM9WBlqon7YFftQ,0,1,0,0,0,0,0,0,0,0,0,0,1,0,0,0,1,0,0,0,0,0,1,1,1
OeSDrOJpEiT4lOJ5EBW19A,1,1,0,1,0,0,0,1,0,0,0,0,1,0,0,0,1,1,0,1,0,1,1,1,1
xRAlstQNkDYF1EZgqHcBJg,1,0,1,1,1,0,0,0,0,0,0,0,1,0,0,0,0,1,1,1,1,1,1,1,1
3rN4QVKm_8LXexL2Y8Y9Pw,1,1,0,0,1,0,0,0,0,0,0,0,1,0,0,0,0,0,1,0,0,0,1,1,1
rV9b5Eb84aNqlSPgQDtLlA,1,0,1,1,0,0,0,0,0,0,0,0,1,0,0,0,1,0,1,0,0,0,0,0,1
Zf1vBLstV8uj9-7BGPzxfQ,1,0,1,0,0,0,0,0,0,0,0,0,1,0,0,0,1,0,1,0,0,0,1,0,0
E2O72qzYitXHELPKW3iWyA,1,0,1,1,0,0,0,0,0,0,0,0,1,0,0,0,1,0,0,0,0,0,1,0,0
917NTvTOuAuF_2mKSrcTjQ,0,1,0,1,0,0,0,0,0,0,0,0,1,0,0,0,1,0,0,0,0,0,1,0,1
58rVteZP0VACizxFbbSYag,1,0,1,1,0,0,0,0,0,0,0,0,1,0,0,0,1,0,0,0,0,0,1,0,0
CnabPq0_hLziHSwsjW7MMw,1,0,1,0,1,0,0,0,0,0,0,0,1,0,0,0,0,0,1,0,0,0,1,1,0
pwIUsbuufYvi_L1JSM4J2A,1,0,0,0,1,0,0,0,0,0,0,0,1,0,0,0,0,0,0,0,0,0,1,0,1
YW6RInqRwnfJRxgWdr1_HQ,0,0,1,0,0,0,0,0,0,0,0,0,1,0,0,0,1,0,0,0,0,0,1,1,0
8sQt3RxmluZhgjJivyx7vQ,1,0,1,0,0,0,0,0,0,0,0,0,1,0,0,0,1,0,0,0,0,0,1,0,0
eynkhCPEzCbgk3BLm8UhFg,0,0,0,0,0,0,0,0,0,0,0,0,1,0,1,0,0,0,1,0,0,0,0,0,1
ojCcnzbOKpUdyxr4C5Ep2g,1,0,1,0,1,0,0,0,0,0,0,0,1,0,0,0,0,0,1,0,0,0,1,0,0
P2MgVf4ZhBtbyER0RCfUJg,1,1,0,0,0,0,0,1,0,0,0,0,1,0,0,0,1,0,1,0,0,0,1,0,1
h9jxosaLDEzgBYpZtecy2w,1,1,0,1,0,0,0,0,0,0,0,0,1,0,0,0,1,0,1,0,0,0,1,0,0
Arhpm77zGoGbgIIM2XYRRA,0,0,1,1,0,0,0,0,0,0,0,0,1,0,0,0,0,0,0,0,0,0,0,0,1
2xcabWozA4hBskahqzdvhw,1,1,0,0,0,1,0,1,0,0,0,0,1,0,0,0,0,1,1,1,1,1,1,0,1
"""-LtyDPeMbUhojv-IW0pQzw""",1,0,0,1,0,0,0,0,0,0,0,0,1,0,0,0,1,0,1,0,0,0,1,0,1
Drtcs6qxJnJEOqkinUXNFw,0,0,0,1,1,0,0,0,0,0,0,0,1,0,0,0,1,0,0,0,0,1,0,0,1
irZmtR0Sg7rEmg4_bKcUpQ,0,0,0,1,0,0,0,0,0,0,0,1,1,0,0,0,1,1,1,0,1,0,0,0,1
cT6GvKqSFLrazlmSX_oveQ,0,1,0,0,1,0,0,0,0,0,0,0,1,0,0,0,0,0,1,0,0,0,1,0,0
YZBPKJOLkaaAyXKHFClS_Q,0,0,1,1,0,0,0,0,0,0,0,0,1,0,0,0,1,1,0,1,1,0,1,0,0
EsFT8wtd_Wuy3Hbs5e4ZuQ,1,0,1,0,1,0,0,0,0,0,0,0,1,0,0,0,0,0,1,0,0,0,1,0,1
ok0C_qXZVh1d8dsuBNv5mw,0,0,1,0,0,0,0,0,0,0,0,0,1,0,0,0,1,0,0,0,0,0,0,0,0
DoocvtI1e16ExZdHgid94w,0,0,1,0,0,0,0,0,0,0,0,0,1,0,0,0,0,0,0,0,0,0,0,0,0
jRkWVphLmcgbnVdF5Zf0DA,1,0,1,1,0,0,0,1,0,0,0,0,1,0,0,0,1,0,0,0,0,0,1,0,1
GCw-Y9v8SCnO6tfRWyB8Vg,1,0,1,1,0,0,0,0,0,0,0,0,1,0,0,0,1,1,0,1,0,1,1,1,1
mcwg122AMnHPkY0jbisJ3A,1,0,1,1,0,0,0,0,0,0,0,0,1,0,0,0,1,0,0,0,0,0,1,0,0
a8ZpPZVMBKgz1cSZq85i9A,0,1,0,1,0,0,0,0,1,0,0,0,1,0,0,0,1,0,1,0,0,0,0,0,1
3H5vo7rBIgnHevIsY7-CAg,1,0,1,1,0,0,0,0,0,0,0,0,1,0,0,0,0,0,0,0,0,0,1,0,1
tfrJw38qVty9ECtCqCLMbg,1,1,0,0,0,0,0,0,0,0,0,0,1,0,0,0,1,0,1,0,0,0,1,0,1
QXxcr4MsmtxnqeclGupAVw,0,1,0,0,1,0,0,0,0,0,0,0,1,0,0,0,1,0,0,0,0,0,0,1,1
EEn0tdhtuWAtJRpLREKNyg,1,0,1,0,0,0,0,1,0,0,0,0,1,0,0,0,0,0,1,0,0,0,0,1,0
yH37hTBFzyjBomMRmIGBeg,0,0,1,1,0,0,0,0,0,0,0,0,1,0,1,0,1,0,1,0,0,0,0,0,1
DeKvcQchfBEIV4c5eddVqw,1,0,1,1,0,0,0,0,0,0,0,0,1,0,0,0,0,0,0,1,0,0,1,0,0
V2vFpwAc8VcViVx7GaDz_w,1,0,1,1,0,0,0,0,0,0,0,0,1,0,0,0,0,0,0,0,0,0,1,1,0
OFGUCVUTIJJSHylXeK-ZUA,1,1,0,0,1,0,0,0,0,0,0,0,1,0,0,0,1,0,1,0,0,0,1,0,1
Frf5RZ93ALh2x4Un_tDHlQ,0,0,0,1,0,0,0,0,0,0,0,0,1,0,0,0,1,0,0,0,0,0,0,0,0
OSvFfRysAC9fAM09EXFgWw,0,1,0,0,0,0,0,1,0,0,0,0,1,0,0,0,1,0,0,0,0,0,1,1,1
CLZA-rCyvO-DEdYq1R_3xA,1,0,1,1,0,0,0,0,0,0,0,0,1,0,0,0,0,0,0,0,0,0,1,0,0
CfxdhW3ZEvwdSNBcy7YVeQ,0,1,0,0,1,0,0,0,0,0,0,0,1,0,0,0,1,0,0,0,0,0,0,0,0
k3LrlsFPVVNAZqAwtRAj9w,0,0,1,0,0,0,0,0,0,0,0,0,1,0,0,0,1,1,1,0,0,1,0,0,0
Qe4atl3etQTW0lQEgQisFw,0,1,0,1,1,0,0,0,0,0,0,0,1,0,0,0,0,0,1,0,0,0,1,0,1
Hqu8m6TtbAC_anB71ejUrw,0,0,1,1,0,0,0,0,0,0,0,0,1,0,0,0,1,0,1,0,0,0,1,0,0
47ZR1YfDphOf_luBEPbIpQ,0,0,1,1,0,0,0,0,0,0,0,0,1,0,0,0,1,0,0,0,0,0,0,0,0
QYca8WxCyWPQlT3LLn9iYA,1,0,1,1,0,0,0,0,0,0,0,0,1,0,0,0,1,0,0,0,0,0,1,0,0
wG_Som1R6T72xzopJKoiKg,1,0,1,1,1,0,0,0,0,0,0,0,1,0,0,0,0,0,1,0,0,0,0,0,1
zMzZYw6GQUzTNqJRVEBTGg,0,1,1,1,0,0,0,0,0,0,0,0,1,0,0,0,0,0,0,0,0,0,1,1,1
MxBVeI2nJUy56nBmp-1QFw,1,1,0,1,0,0,0,1,0,0,0,0,1,0,0,0,0,1,1,1,1,1,1,1,1
nLX6plU4sqUJ_BqyMIbppQ,1,0,0,1,1,0,0,0,0,0,0,0,1,0,0,0,0,0,0,0,0,0,1,0,1
uLsqa9b7bfCtVKks6L8InA,1,0,1,0,0,0,0,0,0,0,0,0,1,0,0,0,0,0,0,0,0,0,1,0,1
VnUnuVNf2KOjip4HxOagRw,1,0,1,1,0,0,0,1,0,0,0,0,1,0,0,0,1,0,0,0,0,0,1,0,1
ybdMQCsvvXfYzhwl1KNs1A,1,1,0,0,1,0,0,1,0,0,0,0,1,0,0,0,0,0,0,1,1,1,1,1,1
hCn9XPkOzeeiOkjHF3nclg,1,0,1,0,0,0,0,0,0,0,0,0,1,0,0,0,0,0,0,0,0,0,1,0,0
Wg4L234J1x2tIURTWxCGlQ,1,1,0,1,0,0,0,0,0,0,0,0,1,0,0,0,1,1,1,1,0,1,1,0,1
tvJ3CuLOfOiVxCGKoAtE4g,1,0,1,1,0,0,0,0,0,0,0,0,1,0,0,0,0,0,1,0,0,0,1,1,0
JDyO8Z0OqQc4SZzUmH2s7g,0,1,1,0,0,0,0,0,0,0,0,0,1,0,0,0,0,1,1,0,0,0,0,1,1
brh1HTv1qLnpbtLpJV2ayg,0,1,0,0,0,0,0,0,0,0,0,0,1,0,0,0,0,0,0,0,0,0,0,0,0
SxNAPhlMyQQmK8d5n9S3Og,0,0,1,1,1,0,0,0,0,0,0,0,1,0,0,0,0,0,1,0,0,0,0,0,1
u0OULiF_76M9YVYKIbrYjA,1,0,1,0,0,0,0,1,0,0,0,0,1,0,0,0,1,0,0,0,0,0,1,0,1
BDgUJhbUnmAiLN090e6wtg,1,0,1,0,0,0,0,0,0,0,0,0,1,0,0,0,0,0,1,0,0,0,1,1,1
ILG6bXn2PpSr1vR5RWi4Zg,0,0,1,1,0,0,0,0,0,0,0,0,1,0,0,0,0,0,0,1,1,1,0,1,1
GcTIlsRYWqmFjyJ3eQx-sw,1,0,1,0,0,0,0,0,0,0,0,0,1,0,0,0,1,0,1,0,0,0,1,0,1
oDscgARaAMHkI5QqkbJuXA,1,0,1,1,0,0,0,0,0,0,0,0,1,0,0,0,0,0,1,0,0,0,1,0,0
h0yDuGJ3pfRgz_Vm-WsCow,1,0,0,0,0,0,0,0,0,0,0,0,1,0,0,0,0,0,0,0,0,0,1,0,0
ehkQ16XFDYS8k6QNbdhbqg,1,0,1,1,0,0,0,1,0,0,0,0,1,0,0,0,1,0,0,1,0,1,1,1,1
yaS0R20kKGFMBnOXt2rqyg,1,1,0,1,0,0,0,1,0,0,0,0,1,0,0,0,1,0,0,1,1,1,1,1,1
cEdVic8Fm8Rb6IRdviQ-mQ,0,0,0,0,0,0,0,0,0,0,0,0,1,0,0,0,1,0,0,0,0,0,0,1,0
CEUsiTNvo7JgZKsxA8YyUQ,1,0,1,1,0,0,0,0,0,0,0,0,1,0,0,0,1,0,0,0,0,0,1,1,0
126VTD56JvaNYg54pTR3cA,1,1,0,0,1,0,0,0,0,0,0,0,1,0,0,0,1,1,1,1,1,1,1,0,1
bZh4eYSDzs34kIjVm93E0A,1,0,1,0,0,0,0,1,0,0,0,0,1,0,1,0,1,1,0,1,0,1,1,0,1
hfLs4rCeGFWmZdN_ZC96Rw,0,0,0,0,0,0,0,0,0,0,0,0,1,0,0,0,0,0,0,0,0,0,0,1,0
FJa_aqhcscXUE6nXZSho1A,1,0,1,1,0,0,0,0,0,0,0,0,1,0,0,0,1,0,1,0,0,0,0,0,0
us5ZGTpuPTcpGiGuLkeldQ,1,1,0,0,0,0,0,0,0,0,0,0,1,0,0,0,0,1,0,0,0,0,1,0,0
vLIxAVQXxqHqbkI7OBtpSA,1,1,0,1,0,0,0,0,0,0,0,0,1,0,0,0,0,0,1,0,0,0,1,0,1
LJvxFLQvS0kGWXlQWmX0NQ,1,0,1,1,1,0,0,1,0,0,0,0,1,0,0,0,0,0,1,0,0,0,0,0,0
rHu0Vu5s9k0p7Qi_R_z_bA,1,0,1,1,0,0,0,0,0,0,0,0,1,0,0,0,0,0,1,0,0,0,0,0,0
gZCLEygaEnxUdcBKk3_Ldg,1,0,1,1,0,0,0,1,0,0,0,0,1,0,1,0,1,0,0,0,0,0,1,1,0
cEAWRxrHHLmirbCkb_B1UA,1,1,0,1,0,0,0,1,0,0,0,0,1,0,0,1,0,0,1,0,0,0,1,0,1
hXsC3Nt_mn4VjVRc5fG_dA,1,0,1,1,0,0,0,0,0,0,0,0,1,0,0,0,0,0,1,0,0,0,1,0,0
1XK978umIT1Gz7Gf9tWZsA,0,0,0,0,0,0,0,0,0,0,0,0,1,0,0,0,1,0,0,0,0,0,0,0,1
oLBtnaMRV8Ak4SF-OZDAZw,0,1,0,1,1,0,0,0,0,0,0,0,1,0,1,1,0,0,1,0,0,0,0,0,1
4XgsQPNCG6FbphziOklB1Q,1,1,0,1,0,0,0,0,0,0,0,0,1,0,0,0,1,1,1,1,1,1,1,0,1
o_U-INvbn1U-yNjtzt8WjA,1,1,0,0,1,0,0,0,0,0,0,0,1,0,0,0,1,0,0,0,0,0,0,0,0
A4Ha9-hugTeokEv0dxcBAQ,0,0,1,0,1,0,0,0,0,0,0,0,1,0,0,0,1,0,1,0,0,0,1,1,0
knyHPW93tB3u7ndyVVAbGA,1,0,1,1,0,0,0,0,0,0,0,0,1,0,0,0,0,0,0,0,0,0,1,1,0
57TJ9MteDmbbANdg1_xVjA,0,0,1,0,1,0,0,0,0,0,0,0,1,0,0,0,0,0,1,0,0,0,1,1,0
PAX1e5-T1tUn9TkzEU1xTg,1,0,1,1,0,0,0,0,0,0,0,0,1,0,0,0,0,0,0,0,0,0,0,0,0
yPX25FwCcLh_f3OhmHEntQ,0,0,0,1,0,0,0,0,0,0,0,0,1,0,0,0,1,0,0,0,0,0,0,0,0
lxjvuVEr2-cw-KiKztP6Og,1,0,0,0,1,0,0,0,0,0,0,0,1,0,0,0,1,1,1,0,0,0,0,1,1
F8bHo00VLdcmHLMIq57LMQ,1,0,1,0,0,0,0,0,0,0,0,0,1,0,0,0,0,1,1,0,0,0,1,0,0
ucFe8-nD5pAm17AYWLK4ig,0,1,0,0,0,0,0,0,0,0,0,0,1,0,0,0,1,0,1,0,0,0,0,0,1
Ze96EhfaC2RcHAt84jE9QA,1,1,1,0,0,0,0,1,0,0,0,0,1,0,0,0,0,1,1,0,0,0,0,1,1
g1qa_lcYIj9n-SfZvQ-Ykg,1,0,1,1,1,0,0,0,0,0,0,0,1,0,0,0,0,0,0,0,0,0,1,0,0
CyBxxSJRL7DYMF5kCTC7eA,1,0,0,0,1,0,0,0,0,0,0,0,1,0,0,0,1,1,1,0,0,0,1,1,0
d0aD_k6Aj7D0FtkeB6gUNw,1,1,0,0,0,0,0,1,0,0,0,0,1,0,0,0,0,1,1,1,1,1,1,0,1
PxPNz2ti05WmQ7_Sa-a4fw,1,1,0,1,0,0,0,1,0,0,0,0,1,0,0,0,1,0,0,0,0,0,1,1,0
TEqIXzmC0MVq1ZJitVXBMw,0,0,1,1,0,0,0,0,0,0,0,0,1,0,0,0,0,0,0,0,0,0,0,0,1
Ld-5ZDBylym94F8tRfCl7g,0,1,0,1,0,0,0,1,0,0,0,0,1,0,0,0,0,0,0,0,0,0,0,0,1
N_g47ttNM6Qo3Uwj6zhmuA,1,0,0,0,0,0,0,0,0,0,0,0,1,0,0,0,0,0,0,0,0,0,1,0,1
DCoIzpHfYE5GCcpEB6wELA,1,0,1,1,1,0,0,0,0,0,0,0,1,0,0,0,0,0,0,0,0,0,1,1,0
2L6C3FjJBeGz9cmKO97CIQ,0,0,0,0,0,0,0,0,0,0,0,0,1,0,0,0,1,0,1,0,0,0,1,0,1
A8kMSFjiHLiJNXNcE2oDYw,1,1,0,1,0,0,0,1,0,0,0,0,1,0,0,0,1,1,1,1,0,0,0,1,1
foGw11j-91D4_9AaNW0dcw,1,0,1,0,0,0,0,0,0,0,0,0,1,0,0,0,0,0,1,0,0,0,1,0,0
Lar1F2jZNKv3bj6BkN8umg,1,0,1,0,1,0,0,0,0,0,0,0,1,0,0,0,1,0,1,0,0,0,1,0,0
Z0l0BrQDbzhcYdylxd1OhA,0,0,1,1,0,0,0,0,0,0,0,0,1,0,0,0,0,0,1,0,0,0,0,1,0
dVsqiDPFpQIV8hPpF4DFBg,0,0,0,1,0,0,0,0,0,0,0,0,1,0,0,0,0,0,0,0,0,0,0,0,0
iwbIxC1PlQKMKOy5kc2utg,1,0,0,1,1,0,0,0,0,0,0,0,1,0,0,0,1,0,0,0,0,0,0,0,0
qJyddbAbuvn1Ga7c_OWBag,1,1,0,1,0,0,0,0,0,0,0,0,1,0,0,0,1,0,0,0,0,0,1,0,1
GDz-Na8p3TRGvJoHT40BVQ,1,0,0,1,0,0,0,0,0,0,0,0,1,0,0,0,0,0,0,0,0,0,1,0,0
DQABTRPkkNBbSubR48WSxA,1,0,0,0,0,0,0,0,0,0,0,0,1,0,0,0,1,1,0,0,0,0,0,0,0
i49LVto1Fde3--Lv2ngS5g,1,1,0,1,0,0,0,0,0,0,0,0,1,0,0,0,1,0,0,0,0,0,0,0,0
UdC9On1XmJaMcqEO_J6rpA,0,0,1,0,0,0,0,1,0,0,0,0,1,0,0,0,1,1,1,1,0,1,1,0,1
qoRkLhN2N34Te_wy5OqKIg,1,0,1,0,0,0,0,0,0,0,0,0,1,0,0,0,1,0,0,0,0,0,0,0,0
XZQAtkjhOYPTGTu4f9o3Aw,1,0,0,1,0,0,0,0,0,0,0,0,1,0,0,0,1,0,1,0,0,0,1,0,1
s3nlVKfKz8zYXiQLp3QPng,1,1,1,0,1,0,0,0,0,0,0,0,1,0,0,0,0,0,0,0,0,0,1,0,0
p2OWVlybtj2S7lbED7pQnQ,1,0,1,1,0,0,0,0,0,0,0,0,1,0,0,0,1,0,0,0,0,0,1,0,0
MTvoaudyayOlJHEtjme6Lw,1,0,1,1,0,0,0,0,0,0,0,0,1,0,0,0,1,0,0,0,0,0,0,0,0
b0O0ChdOfMuNMZkOeoZSfQ,1,1,0,1,0,0,0,0,0,0,0,0,1,0,0,0,1,1,1,1,1,1,0,0,1
"""-wDzxMDanm_1TLQch-aq7Q""",0,1,0,1,0,0,0,0,0,0,0,0,1,0,0,0,0,0,1,0,0,0,0,0,1
-3epPk2gm6pwePEkf8plJA,0,0,1,0,0,0,0,0,0,0,0,0,1,0,0,0,0,0,0,0,0,0,0,0,1
aJZDZne-7DycrH9l0M0QhQ,0,1,0,1,1,0,0,0,0,0,0,0,1,0,0,0,0,0,0,0,0,0,1,1,0
gnhWpSa_hF3SHTO6odLYiw,1,1,0,0,0,0,0,1,0,0,0,0,1,0,0,0,1,0,0,0,0,0,1,0,0
Gwzd32CIxBTIXNjdd4e56Q,1,1,0,0,0,0,0,0,0,0,0,0,1,0,0,0,0,1,1,1,1,1,1,0,1
ZbdH-dQhDoDM4LFsuq7OMw,0,0,1,0,0,0,0,0,0,0,0,0,1,0,0,0,1,0,1,0,0,0,0,0,1
b41BwmcMXROwYErqnflCIA,1,0,0,1,1,0,0,0,0,0,0,0,1,0,0,0,0,0,1,0,0,0,1,0,0
1oZX4jEY62N3kJziFpg28g,0,1,0,0,0,0,0,0,0,0,0,0,1,0,0,0,1,0,0,0,0,0,0,0,0
Hln3ks3u0NgT1a9cDPP5Dg,1,0,0,0,0,0,0,0,0,0,0,0,1,0,0,0,1,1,1,1,0,1,1,0,1
Qnk32R4bxO0jMhesOGBQKg,1,0,0,0,0,0,0,0,0,0,0,0,1,0,0,0,0,0,1,0,1,0,1,0,0
Omq2ocj7jJ8W_kfut9DXNg,1,0,1,1,0,0,0,0,0,0,0,0,1,0,0,0,0,0,1,1,1,1,1,1,1
kp25F60vW7JC7q6CakdOaw,1,0,0,1,0,0,0,0,0,0,0,0,1,0,0,0,1,0,1,0,0,0,1,0,0
w7-SgnQKtR2tqk-lUdm35A,1,1,0,0,0,0,0,1,1,0,0,0,1,0,0,0,1,1,0,1,1,1,1,0,1
H47tnmzHtjaToK5hXHg4rA,1,0,0,1,0,0,0,0,0,0,0,0,1,0,0,0,0,0,0,0,0,0,1,0,0
ixL-r4QtGcmVIql-0CArdg,0,1,0,1,0,0,0,0,0,0,0,0,1,0,1,0,0,0,0,0,0,0,1,1,1
5AoIYi-uW-BHM9T1UHwt-g,0,0,1,1,0,0,0,0,0,0,0,0,1,0,0,0,1,1,0,1,1,1,1,0,1
M7wif_V9mcy1vVkoA4m9Nw,1,0,0,0,0,0,0,0,0,0,0,0,1,0,0,0,0,0,1,0,0,0,1,1,0
ltWEpvBevcucOICRpAIeXQ,1,0,0,0,0,0,0,0,0,0,0,0,1,0,0,0,0,0,0,0,0,0,1,0,0
x98yVkKS4BnaVKwWCu1rDQ,1,0,1,0,0,0,0,0,0,0,0,0,1,0,0,0,1,1,1,0,0,0,1,0,1
FwDL2o1EVEWsWZ0aweTAKg,0,1,0,0,1,0,0,0,0,0,0,0,1,0,0,0,1,1,1,1,1,1,1,0,1
Rupx66SQQ9Ae3R-T5sjJKw,1,0,1,0,0,0,0,0,0,0,0,0,1,0,0,0,1,0,1,0,0,0,0,0,1
mmIZAkIL7bJg9znmg2RDLg,1,0,1,0,1,0,0,0,0,0,0,0,1,0,0,0,0,0,1,0,0,0,1,1,1
U8qBsJ3teww8PePwj0O_5Q,1,1,0,0,1,0,0,0,0,0,0,0,1,0,0,0,1,1,1,0,0,0,1,0,1
Uo71bLp7SSbQyUDwZiIR1w,0,0,0,1,1,0,0,0,0,0,0,0,1,0,0,0,1,0,0,1,1,1,0,0,1
ZOBhfgZjhGqPZRV3dqOAtQ,1,0,1,0,0,0,0,0,0,0,0,0,1,0,0,0,1,0,0,0,0,0,1,0,0
8JFBCNJ-Dv5088AV7pGXhw,0,1,0,0,0,0,0,0,0,0,0,0,1,0,0,0,1,1,0,0,0,0,0,0,0
5wZfS4X7uuxH2HkP9NX3fg,0,1,0,1,0,0,0,1,0,0,0,0,1,0,0,0,1,0,0,0,0,0,1,0,1
XvXMTHOuObm_syFc8RJYEg,1,0,0,1,0,0,0,0,0,0,0,0,1,0,0,0,1,1,1,0,0,0,1,0,1
25_5hV6pHpdE59Q3qMOThQ,0,1,0,0,0,0,0,0,0,0,0,0,1,0,0,0,0,0,0,0,0,0,0,1,1
eDLj1_yJHio71g3MLVyk1Q,1,0,1,1,1,0,0,0,0,0,0,0,1,0,0,0,0,0,1,0,0,0,0,0,0
gd5E2Z5okyel3iAdWzWg7w,1,0,1,0,0,0,0,1,0,0,0,0,1,0,0,0,1,0,1,0,0,0,0,0,0
2BsUADso0Qo_PB9eWQZBTw,1,1,0,0,0,0,0,1,0,0,0,0,1,0,0,0,0,0,1,0,0,0,0,1,0
eiwHIp1qMQLDW6594O3PAg,1,0,1,0,0,0,0,0,0,0,0,0,1,0,0,0,1,0,0,0,0,0,1,1,0
q-M-lPrsWwoRKF4k8O_QgA,1,0,1,0,0,0,0,1,0,0,0,0,1,0,0,0,1,1,1,1,1,0,1,0,1
gJuNKu7I0dqJOuLGm1MFDg,0,0,0,1,0,0,0,0,0,0,0,0,1,0,0,0,1,0,0,0,0,0,1,0,1
4zDXOqTve82jcGBybRG_Lw,1,0,0,1,0,0,0,0,0,0,0,0,1,0,0,0,1,0,1,0,0,0,1,0,1
OTx3QRgW6Pd2VEdnVtyReA,1,0,1,0,1,0,0,1,0,0,0,0,1,0,0,0,0,1,0,1,0,0,1,0,1
KRP5uFXrPYvhU0OXqYVxUw,1,0,1,1,0,0,0,0,0,0,0,0,1,0,0,0,1,0,1,0,0,0,0,0,0
Qabp9hZlp7XO4fKhVUb7jw,1,0,1,1,0,0,0,0,0,0,0,0,1,0,0,0,1,0,0,0,0,0,0,1,0
ciEk3m6tqIplBYWaHRB0JA,1,1,0,0,0,0,0,0,0,0,0,0,1,0,0,0,0,1,1,1,1,1,1,0,1
p670s09pLu9f0M8Sy7kKDw,1,0,1,1,0,0,0,0,0,0,0,0,1,0,0,0,1,0,0,0,0,0,0,0,0
QaHayZd1kSduUvFswcXQhA,1,0,1,0,0,0,0,0,0,0,0,0,1,0,0,0,1,0,0,0,0,0,1,0,0
zTvlANIXeFTrqNwWeyzc4w,0,1,0,1,1,0,0,0,0,0,0,0,1,0,0,0,1,0,0,0,0,0,0,0,1
"""-N6FH5FHaO9eCE7w_A9phA""",0,0,0,1,0,0,0,0,0,0,0,0,1,0,0,0,1,0,1,0,0,0,0,1,0
689hQHuHBwjd9XW0dpxtAA,0,1,0,0,0,0,0,0,0,0,0,0,1,0,0,0,1,0,1,0,0,0,0,0,0
EKj186UD4M1pXGeuLNOw4A,1,0,1,0,0,0,0,0,0,0,0,0,1,0,0,0,0,0,1,0,0,0,1,0,0
ESO1ZfsZ_0rKMKaDH1i8fQ,1,1,0,0,1,0,0,0,0,0,0,0,1,0,0,0,0,0,1,0,0,0,0,0,0
X8_eWlDCsi5IceKh4i6iIQ,0,1,0,0,0,0,0,0,0,0,0,0,1,0,0,0,0,0,1,0,0,0,0,0,1
5Yb-1IY_Q4Frt8i7F51b9A,1,0,1,1,0,0,0,1,0,0,0,0,1,0,0,0,1,0,0,0,0,0,1,0,0
hyYpvZfflTW3Y_aMywN0Bw,0,1,0,0,1,0,0,0,0,0,0,0,1,0,0,0,1,0,1,0,0,0,1,0,1
yc8eVVQeIZUzNFckb1CrsQ,1,0,1,0,1,0,0,0,0,0,0,0,1,0,0,0,0,0,0,0,0,0,1,0,1
dN3zzLyVUk7U29fQ-iQ1NA,1,1,0,1,1,0,0,1,0,0,0,0,1,0,0,0,0,1,1,1,1,0,1,0,1
WStJ6Vr5JEXr5ZffcebbXA,0,0,1,0,0,0,0,0,0,0,0,0,1,0,0,0,1,0,1,0,0,0,1,1,1
iWW3kAkZeaCHJaIkKmxEug,0,1,0,0,1,0,0,0,0,0,0,0,1,0,0,0,0,0,0,0,0,0,0,0,1
Kea2SCah2Lo4FAFT3F9IRA,1,0,1,0,0,0,0,0,0,0,0,0,1,0,0,0,0,0,0,0,0,0,1,0,0
kAR-ncbSuXmWMZyfmzXRTA,1,1,0,1,1,0,0,1,0,0,0,0,1,0,0,0,1,1,1,1,0,1,0,1,1
fklCqOGVam9PiErC5As2lw,0,0,1,0,1,0,0,0,0,0,0,0,1,0,0,0,0,0,0,0,0,0,0,0,0
iWD2e9sk2RbNeUooEd9s6g,0,1,0,0,1,0,0,0,0,0,0,0,1,0,0,0,1,0,1,0,0,0,0,0,1
tn0qpHtIbTr_GBnkiiqSPQ,1,0,1,1,0,0,0,0,0,0,0,0,1,0,0,0,0,0,1,0,0,0,1,1,0
jwGQctUoKbkhWjKWlLIpoQ,0,1,0,0,1,0,0,0,0,0,0,0,1,0,0,0,0,0,1,0,0,0,1,1,1
aEv6TBGaK8pC9dtrynEnzA,0,0,1,0,0,0,0,0,0,0,0,0,1,0,0,0,1,1,0,1,1,1,0,0,1
NcPDB1NvI0cYN7mM-4O56Q,0,0,0,1,1,0,0,0,0,0,0,0,1,0,0,0,1,0,1,0,0,0,0,0,1
mBtF1_oMj6UpJt65ZXKN1Q,0,0,0,1,1,0,0,0,0,0,0,0,1,0,0,0,1,0,1,0,0,0,0,0,1
JQpzoWZMVuRAn9gNNuQQpA,1,0,1,1,0,0,0,1,0,0,0,0,1,0,0,0,0,0,0,0,0,0,1,0,1
oR3jjSiDPqh2WzStz9txuw,1,0,1,1,1,0,0,0,0,0,0,0,1,0,0,0,1,0,0,0,0,0,1,1,0
il5UfQ3ttcMgC6-FSwtUgg,1,1,0,0,1,0,0,0,0,0,0,0,1,0,0,0,1,0,1,1,1,1,0,0,1
ADQ3tvpwTtL50UMQrkCxOA,0,0,0,0,0,0,0,0,0,0,0,0,1,0,0,0,1,0,0,0,0,0,0,0,0
vn-xtp-EfkzA6v2eLWOnoA,1,0,0,1,0,0,0,0,0,0,0,0,1,0,0,0,1,0,1,0,0,0,1,0,1
zslUp3hWwlC6J90XYvvjUA,0,0,1,0,0,0,0,0,0,0,0,0,1,0,0,0,1,0,0,0,0,0,0,0,1
bhNEQG0BvAyVbkEo3KNbIQ,1,0,1,1,0,0,0,0,0,0,0,0,1,0,0,0,0,0,0,0,0,0,0,1,1
ggCILCE-fJhPWVPWQP3mlA,1,0,1,1,0,0,0,0,0,0,0,0,1,0,0,0,0,1,0,1,1,1,0,0,1
T5f0Zzj1v7s5ArE6dRxd_Q,0,0,0,0,0,0,0,0,0,0,0,0,1,0,0,0,1,0,1,0,0,0,1,0,1
sYX1ZbhxjgFeuGsuA6AWRw,0,0,1,1,0,0,0,0,0,0,0,0,1,0,0,0,1,0,0,0,0,0,0,0,1
7NaYXgmSSiim-uWKebGUrA,0,1,0,1,0,0,0,0,0,0,0,0,1,0,0,0,1,1,1,1,1,1,1,0,1
2lV9bbfFh4fCU5OwiQKDsQ,0,1,0,1,0,0,0,0,0,0,1,0,1,0,0,0,0,0,1,0,0,0,1,1,0
sWn6DCFbuQwFF0hywjNF8w,1,0,1,0,0,0,0,0,0,0,0,0,1,0,0,0,0,0,0,0,0,0,1,0,0
V-6tlNJ_0NBmLwvHLrSyDw,0,0,1,1,0,0,0,0,0,0,0,0,1,0,0,0,1,0,0,0,0,0,1,0,0
frY3czIJeDB7Cl3IOMchLw,0,0,0,1,1,0,0,0,0,0,0,0,1,0,0,0,1,0,0,0,0,0,0,0,1
hvHV9JvQdV2Rg_PEb8a5jQ,0,1,0,0,1,0,0,0,0,0,0,0,1,0,0,0,0,0,1,0,0,0,1,0,1
Vh7JNcyZhdVrCLUmAuQZUQ,1,0,1,1,0,0,0,0,0,0,0,0,1,0,0,0,0,0,0,0,0,0,0,0,1
C6WLHtV1KJjzPTD2Rbel-g,0,1,0,1,0,0,0,0,0,0,0,0,1,0,0,0,1,1,1,0,0,0,1,1,1
AVLQOsP7i1obHBC7BMZvcQ,0,1,0,0,0,0,0,0,0,0,0,0,1,0,0,0,0,1,1,0,0,0,1,0,1
H6qj7XQofsrfjPHMAW_MJA,0,0,0,1,0,0,0,0,0,0,0,0,1,0,0,0,1,1,0,1,1,1,0,0,1
LZmgrBuYzMRb6RFm_j3wnw,1,0,1,1,0,0,0,0,0,0,0,0,1,0,0,0,1,1,1,0,0,0,0,1,0
5SIVQtyYJyzcYiVZRHndGQ,1,1,0,0,0,0,0,0,0,0,0,0,1,0,0,0,1,1,1,1,0,1,1,0,1
wgLi2cMWg11VfYKfNExUMw,1,0,1,0,1,0,0,0,0,0,0,0,1,0,0,0,0,0,1,0,0,0,1,0,0
IeWYKG4GhrHv7sdB6qiF6g,1,0,1,0,0,0,0,0,0,0,0,0,1,0,0,0,0,0,0,0,0,0,1,0,1
tlOHhawf266Wy-qYUQlrUw,1,0,1,0,1,0,0,0,0,0,0,0,1,0,0,0,1,0,0,0,0,0,1,1,0
2v74LUhxKZea7x3Cp7W6Ng,0,0,1,1,0,0,0,0,0,0,0,0,1,0,0,0,0,0,0,0,0,0,0,1,0
"""-YgIPofFA-YN_ogBbc0PJg""",1,0,1,0,0,0,0,0,0,0,0,0,1,0,0,0,1,0,0,0,0,0,1,0,1
mUFV_GO1U-sSYRpdDI75-w,0,1,0,0,0,0,0,1,0,0,0,0,1,0,0,0,0,1,0,1,1,1,0,0,1
T1JxuO9EZGFldeTWD5z2hA,1,0,0,1,0,0,0,0,0,0,0,0,1,0,0,0,1,1,1,1,0,1,1,0,1
TdYcyDT5KwUaDMvzYlTfig,0,0,0,0,0,0,0,0,0,0,0,0,1,0,1,0,1,0,1,0,0,0,0,0,1
48DVeNhLCmmp_0Pl6TvPdQ,1,1,0,0,0,0,0,1,0,0,0,0,1,0,1,0,0,0,1,0,0,0,1,0,1
EWyf2EOSb2BnMIJwkFUUXQ,1,0,1,0,0,0,0,0,0,0,0,0,1,0,0,0,1,0,0,0,0,0,1,0,0
aoLBdNDNyoY72420ZTqVeg,1,0,0,0,1,0,0,0,0,0,0,0,1,0,0,0,0,0,0,0,0,0,1,0,0
lM-lLg2sSPmS52KwB8bHhA,1,1,0,0,1,0,0,1,0,0,0,0,1,0,0,0,0,1,1,0,0,0,0,1,1
fAQlNjlRQ7hOjoe7TIa8SQ,0,0,1,0,1,0,0,0,0,0,0,0,1,0,0,0,0,0,1,0,0,0,1,1,1
mlf_7VGG4BQFcofggZKS5w,0,0,0,0,0,0,0,0,0,0,0,0,1,0,0,0,1,0,1,0,0,0,0,1,0
r-CVQ089bLY16hqCfImxnQ,1,1,0,1,0,0,0,0,0,0,0,0,1,0,0,0,0,0,0,0,0,0,1,0,0
LyYfzqGdzQNszpAbpxdsMw,1,0,1,0,0,0,0,0,0,0,0,0,1,0,0,0,0,0,0,0,0,0,0,0,0
FWVuTeGrKyn8AClPWvGaKw,1,0,1,1,0,0,0,1,0,0,0,0,1,0,0,0,1,0,0,0,0,0,1,0,1
MP47-86bbdD5Y2rQ5_tLSw,1,0,1,0,0,0,0,0,0,0,0,0,1,0,0,0,0,0,0,0,0,0,1,0,1
znj_zYgjzcGeVMZWF7hynQ,0,1,0,0,0,0,0,0,0,0,0,0,1,0,0,0,0,1,1,1,0,1,0,0,1
iy2-rzE_US6G9TcwYwXKIg,1,0,1,0,0,0,0,0,0,0,0,0,1,0,0,0,0,0,1,0,0,0,1,0,1
UuUGuVy2BvWfydSz65LY1A,0,0,1,1,0,0,0,0,0,0,0,0,1,0,0,0,1,0,1,0,0,0,0,0,0
RPDasX9cJS4SvOpvfwGnfQ,1,1,0,0,1,0,0,0,0,0,0,0,1,0,0,0,1,1,1,0,0,0,0,1,1
F-Kr0cvxgWayQIGu-7EqfA,1,0,1,1,0,0,0,1,0,0,0,0,1,0,0,0,1,0,1,0,0,0,1,1,0
KLr4lkGtyDyZbogX2M_09w,1,1,0,1,0,0,0,1,0,0,0,0,1,0,0,0,1,0,1,1,1,1,1,0,1
9htdJjeO5AENiTTNDiZQ8A,0,1,0,1,1,0,0,0,0,0,0,0,1,0,0,0,0,0,0,0,0,0,1,0,0
He2S6YCvUu0EuNfc1TB-6A,1,1,0,1,0,0,0,1,0,0,0,0,1,0,0,0,0,0,0,0,0,0,0,1,1
t2tl80pTzUU_xU68Vi_jhw,0,1,0,0,1,0,0,0,0,0,0,0,1,0,1,0,0,0,0,0,0,0,0,0,0
jZh-niCDtGnuSA4Yi6YfWg,1,0,1,0,0,0,0,0,0,0,0,0,1,0,0,0,1,0,0,0,0,0,1,0,0
dXRigCoXjxCPOLpnEp9LgA,0,0,1,0,0,0,0,0,0,0,0,0,1,0,0,0,1,0,0,0,0,0,0,0,0
teetlq7_eWTHZW5vse0Tdw,1,1,0,1,0,0,0,1,0,0,0,0,1,0,0,0,0,1,0,1,0,0,0,1,1
H7SpvOPs8A6MTHQxPJdGcw,1,0,0,1,0,0,0,0,0,0,0,0,1,0,0,0,0,0,1,0,0,0,1,0,0
Ja7p4Kx_fQL1Jex_RGe5YA,1,1,0,1,0,0,0,0,0,0,0,0,1,0,0,0,0,0,0,0,0,0,0,0,0
gm_gAEp2jmVT_5Nce8gs9A,1,0,1,1,0,0,0,1,0,0,0,0,1,0,0,0,1,0,0,0,0,0,1,0,0
TZCcsx9V5HHFtND3mduJdA,1,0,1,1,0,0,0,0,0,0,0,0,1,0,0,0,0,1,1,0,0,0,0,0,0
qt1o7MQOKBcZgeDZELMGHg,1,0,0,1,0,0,0,0,0,0,0,0,1,0,0,0,1,0,1,0,0,0,1,1,0
M-XhY2P65ZgDldjuqAFiRg,1,0,1,1,0,0,0,0,0,0,0,0,1,0,0,0,1,0,0,0,0,0,1,0,0
HxtzOvhmCRFc7gfF0df2XA,1,0,1,0,0,0,0,0,0,0,0,0,1,0,0,0,1,0,1,0,0,0,1,0,0
j1qFtbLTnItr36FWTss1jw,1,0,1,0,0,0,0,0,0,0,0,0,1,0,0,0,1,0,1,0,0,0,1,1,1
NSYLXdu2cMtuccKaPlvbnQ,0,1,0,0,1,0,0,0,0,0,0,0,1,0,0,0,0,1,1,1,1,1,0,1,1
KrLfB3rMnuy5FDY5BnzXOA,0,0,1,0,0,0,0,0,0,0,0,0,1,0,0,0,0,1,0,0,0,0,1,1,1
Se1b-FL0N54N8pOvzYlfsw,1,0,0,0,0,0,0,0,0,0,0,0,1,0,0,0,0,1,1,1,1,0,1,0,1
W_jyEbbVtIOS3cU_QotSuA,0,1,0,0,0,0,0,0,0,0,0,1,1,0,0,0,1,0,1,0,0,0,0,0,1
ccoJ5Y16HsxH6lZUQppqSg,0,1,0,1,0,0,0,1,0,0,0,0,1,0,1,0,0,0,1,0,0,0,1,0,0
nQMZOSeHPW8pKiFP8TSzhA,1,0,0,1,0,0,0,1,0,0,0,0,1,0,0,0,1,0,0,0,0,0,1,0,0
vY30rbfNckSDPbl__bTKmw,1,1,0,1,1,0,0,0,0,0,0,0,1,0,0,0,0,0,1,0,0,0,1,0,0
dImxGrO-4KgQcZ-bjFIzFg,0,1,0,1,0,0,0,0,0,0,0,0,1,0,0,0,1,0,0,0,0,0,0,0,0
Yhw-hDn3s6APCGNoomxFvw,0,0,0,1,1,0,0,0,0,0,0,0,1,0,0,0,1,0,0,0,0,0,0,0,1
ownkyfaanxzkW-bwm8CIXg,0,0,1,1,0,0,0,0,0,0,0,0,1,0,0,0,0,1,1,0,0,0,1,0,1
5ylnRh7EG7ZUqFE3O68Axg,0,1,0,0,1,0,0,0,0,0,0,0,1,0,1,0,0,0,1,0,0,0,0,0,0
qqy7IzQwxyTuYy55MERU3A,0,0,1,0,0,0,0,0,0,0,0,0,1,0,0,0,1,0,0,1,1,1,0,0,0
k4iJp_CK9B7TSKuuPvKPeg,1,1,0,1,1,0,0,0,0,0,0,0,1,0,0,0,1,1,1,1,1,1,1,0,1
iohqpXvoMB7zzuRIuaPQKA,1,0,1,1,0,0,0,0,0,0,0,0,1,0,0,0,0,0,1,0,0,0,1,0,0
cCL-XaWjCIsyTx9qMHeg1w,1,0,1,0,0,0,0,0,0,0,0,0,1,0,0,0,0,0,0,0,0,0,0,0,0
pvDe9ORVx8yWMzJYxo0fzw,0,1,0,0,0,0,0,0,0,0,0,0,1,0,0,0,0,0,1,0,0,0,1,1,1
Lbdv6L7SAi3mBYFFDDl61A,1,0,1,1,0,0,0,0,0,0,0,0,1,0,0,0,0,0,1,0,0,0,1,0,0
Tzu6al2V7Z5f45UV0DFVqg,1,1,0,0,0,0,0,0,0,0,0,0,1,0,0,0,1,1,1,1,1,1,1,1,1
kXFdurC6IiQDH64B0Y_lSA,1,0,0,1,0,0,0,0,0,0,0,0,1,0,0,0,1,0,0,0,0,0,0,1,0
YU3BOSEdyg_sdbmVAE6ogw,0,1,1,1,0,0,0,0,0,0,0,0,1,0,0,0,0,0,0,0,0,0,0,0,1
X4ydCwnKGNQYPyGIb1wIvg,1,0,1,1,0,0,0,0,0,0,0,0,1,0,0,0,0,0,1,0,0,0,1,1,0
XnDNoeuH6EveTkzJnbmqRw,1,0,0,1,0,0,0,0,0,0,0,0,1,0,0,0,1,0,0,0,0,0,0,0,1
HBF4C4dyVXVY0fCt0iBQiQ,0,1,0,0,0,0,0,0,0,0,0,0,1,0,0,0,1,0,1,0,0,0,0,0,0
zH12JQpRKVuWXGGRvIEvmg,1,1,0,0,1,0,0,0,0,0,0,0,1,0,0,0,1,0,0,0,0,0,1,0,1
3cdXcw7VAtcWw9lsx_-7Eg,1,0,0,1,0,0,0,0,0,0,0,0,1,0,0,0,0,0,0,0,0,0,1,0,0
7TCQeAQ1aDOWRyIKMaEzmQ,0,0,0,0,0,0,0,0,0,0,0,0,1,0,0,0,1,0,0,0,0,0,0,0,0
MuI2SDmblw0KVFS0ckUpgg,1,0,1,0,0,0,0,0,0,0,0,0,1,0,0,0,0,0,1,0,0,0,0,1,0
vPYez-J4o9-qt0tXDjQGLw,1,1,0,0,1,0,0,0,0,0,0,0,1,0,0,0,1,1,1,0,0,0,1,0,1
pxQsb-GnOZEFzsNW74HwLQ,1,0,1,0,0,0,0,0,0,0,0,0,1,0,0,0,0,0,0,0,0,0,1,0,1
ALvxhmVto9V9lnhAYtbnfQ,1,0,1,1,1,0,0,0,0,0,0,0,1,0,0,0,1,1,1,1,1,1,1,1,1
7RTbDIj3drtSduO3BkSfnQ,1,0,1,0,0,0,0,0,0,0,0,0,1,0,0,0,1,0,0,0,0,0,0,0,0
GMy7HHmKtuIFKpenwyb8RA,1,0,0,0,0,0,0,0,0,0,0,0,1,0,0,0,1,0,0,0,0,0,1,0,1
I80NTQ44RuBgHu_y5SRNLg,1,1,0,0,1,0,0,0,0,0,0,0,1,0,1,0,1,1,1,0,0,0,1,1,1
rB7eey0ofYrUbwNjldQIKQ,1,0,0,1,0,0,0,0,0,0,0,0,1,0,0,0,0,0,0,0,0,0,0,0,0
iu5MRS4oa2g5DPLO4cd0rw,1,0,1,1,0,0,0,0,0,0,0,0,1,0,0,0,1,0,0,0,0,0,1,0,0
QnBaOR0_1147j1RWcdOQ9Q,0,1,0,1,0,0,0,0,0,0,0,0,1,0,0,0,1,0,1,0,0,0,1,1,1
3GlgEjQO45kyNMTaq2sr8w,1,0,1,0,0,0,0,0,0,0,0,0,1,0,0,0,1,0,1,0,0,0,1,0,0
62mt87IQrPlmv1fkzl4pNw,1,0,1,1,0,0,0,0,0,0,0,0,1,0,0,0,1,0,0,0,0,0,1,1,1
sGvR4DZM3zrQR93NgL6V_w,1,1,0,1,1,0,0,0,0,0,0,0,1,0,0,0,1,0,0,0,0,0,0,1,0
gMrk_nViA-PXbraR6WHkwA,0,0,1,0,0,0,0,0,0,0,0,0,1,0,0,0,1,1,1,1,0,0,0,0,1
kXi5D2STj94FKfuoFqtP4Q,0,1,0,0,0,0,0,0,0,0,0,0,1,0,0,0,0,0,1,0,0,0,0,1,1
ww22StB21Co7prQsm0bc9g,1,1,0,1,0,0,0,1,0,0,0,0,1,0,0,0,1,0,1,0,0,0,1,0,0
oOIMtud6dyQhyg_-AMIZeg,0,0,0,1,0,0,0,0,0,0,0,0,1,0,0,0,1,0,1,0,0,0,1,0,1
8a4mZ59lOL9-hCgSK7fu7w,1,0,1,1,1,0,0,0,0,0,0,0,1,0,0,0,0,0,1,0,0,0,1,1,0
qx2g-q7Fb2A4ktIFrNNtGQ,0,1,0,1,0,0,0,0,0,0,1,0,1,0,0,0,0,0,1,0,0,0,0,0,0
mMSuRrh6X_53JrjNkoq8cg,1,0,1,0,1,0,0,0,0,0,0,0,1,0,0,0,0,0,1,0,0,0,0,1,0
Nb3bgkH2gM6uNwe3JvvE5w,1,0,1,0,0,0,0,0,0,0,0,0,1,0,0,0,0,0,0,0,0,0,1,0,0
exJQYKB6NbSEoeNHISA9Mw,1,0,1,1,0,0,0,0,0,0,0,0,1,0,0,0,0,0,0,0,0,0,1,0,1
BNuwOaQRqFb4TTV2VZzBZw,0,1,0,1,0,0,0,0,0,0,0,0,1,0,0,0,1,0,1,0,0,0,0,0,0
W4RN_49G5_jpfDL3-hCYNQ,1,0,1,0,0,0,0,0,0,0,0,0,1,0,0,0,0,0,1,0,0,0,1,0,1
4gY4MoGJafvplSF-7wsToQ,1,1,0,0,0,0,0,1,0,0,0,0,1,0,0,0,0,1,1,1,1,1,1,1,1
Rwd60Rk_8m_9ryQChhSRcA,0,0,1,1,0,0,0,0,0,0,0,0,1,0,0,0,1,1,1,0,0,0,0,0,0
n58GBnykNGl9RY3LlGTGmQ,1,0,1,0,1,0,0,0,0,0,0,0,1,0,0,0,1,1,0,0,0,0,1,0,0
4J156kBnLp95F2Swcdafbg,1,1,0,1,1,0,0,0,0,0,0,0,1,0,0,0,0,0,1,0,0,0,1,0,1
n8N_KIblbcwhCwRkKpERow,1,0,0,0,0,0,0,0,0,0,0,0,1,0,0,0,0,1,1,0,0,0,1,0,1
NRd_sXvPFG-yZGH_7gOlGA,1,1,0,1,1,0,0,0,0,0,0,0,1,0,0,0,0,0,0,0,0,0,1,0,0
BmtGXCpRrHWrMwgiZ58tYQ,0,1,0,1,1,0,0,0,0,0,0,0,1,0,0,0,1,0,1,0,0,0,0,0,1
kwLgzLaq5llrniR_8_DtTA,1,0,1,1,0,0,0,0,0,0,0,0,1,0,0,0,1,0,0,0,0,0,1,1,0
6TNEg3Evj2m4kHTAMsA4yg,1,1,0,1,1,0,0,1,0,0,0,0,1,0,0,0,0,0,0,0,0,0,0,0,1
DOv-46kAinnaaJ6yuzsEZg,1,0,1,1,0,0,0,0,0,0,0,0,1,0,0,0,0,0,0,0,0,0,1,1,1
zFg3stfOheKkfuubffmGTA,0,0,1,0,1,0,0,0,0,0,0,0,1,0,0,0,1,0,0,0,0,0,1,0,0
Pu4in9Y9dIt_fFFsXHBX0Q,1,0,1,1,0,0,0,0,0,0,0,0,1,0,0,0,1,0,0,0,0,0,0,1,0
tn-lnDGSKI0-Wnoj4Zf3oQ,1,1,0,1,0,0,0,0,0,0,0,0,1,0,0,0,0,1,1,0,0,0,1,1,1
jmOIN0qX9BNQjUenUh_byQ,0,1,0,1,0,0,0,1,0,0,0,0,1,0,0,0,0,0,0,0,0,0,1,1,1
XI_mfW8DnzhsS0uCbr9Iww,1,1,0,0,0,0,0,1,0,0,0,0,1,0,0,0,1,0,1,0,0,0,1,0,0
sUA6htRIyd4TvdM7NbqnPA,1,0,1,1,0,0,0,0,0,0,0,0,1,0,0,0,0,0,0,0,0,0,0,0,0
Jw8n4Zxm48AZvQYIlM0AgA,1,0,0,1,0,0,0,0,0,0,0,0,1,0,0,0,1,0,0,0,0,0,1,0,0
b9DYjOeQClKOid73Eez72w,1,0,1,1,0,0,0,0,0,0,0,0,1,0,0,0,0,0,1,0,0,0,0,1,0
lW-NOvy7HzRIOAJHErx14A,1,0,1,1,1,0,0,0,0,0,0,0,1,0,0,0,0,1,1,1,1,1,1,0,1
Tb05nS-X6UpyXMM_UJWZBQ,1,0,1,0,0,0,0,0,0,0,0,0,1,0,0,0,0,0,0,0,0,0,0,0,0
Vr9PDS9ltgPhQje8tB6DOA,0,1,0,1,0,0,0,0,0,0,0,0,1,0,0,0,0,0,0,0,0,0,0,0,1
inCBuKk2yohCTJWZnkNPHQ,1,0,1,0,0,0,0,0,0,0,0,0,1,0,0,0,0,0,1,0,0,0,1,0,0
AoXxU97-532to3UIwxcfyA,1,0,1,1,0,0,0,0,0,0,0,0,1,0,0,0,1,1,1,0,0,0,0,0,1
K0F4_QATwa2xcfMyFOpj0g,0,1,0,0,0,0,0,0,0,0,0,0,1,0,0,0,0,0,1,0,0,0,1,1,0
j4PKDVYNtVH5GHbTpPtpNA,0,0,0,1,0,0,0,0,0,0,0,0,1,0,0,0,1,0,0,0,0,0,0,0,0
gz3k7At7zXoL5iNJWvRguQ,1,1,0,0,0,0,0,0,0,0,0,0,1,0,0,0,1,0,1,0,0,0,0,0,0
zF9Wh4roBvnAuldjgFEPcw,0,1,0,1,0,0,0,0,0,0,0,0,1,0,0,0,1,1,1,1,0,1,1,0,1
oEQ0L0RK-KIgcaP5Ht2fMg,0,0,1,0,0,0,0,0,0,0,0,0,1,0,0,0,0,0,1,0,0,0,0,0,1
49eMyEr_UxMLI8_zkwQddA,1,0,0,1,0,0,0,0,0,0,0,0,1,0,0,0,1,0,1,0,0,0,0,0,0
DAHN6D8R8ce-FzQWphq3Cg,1,0,1,0,0,0,0,1,0,0,0,0,1,0,0,0,0,0,1,0,0,0,1,0,0
yWkurejPuqFb1zhoUQG4Aw,1,1,0,0,0,0,0,0,0,0,0,0,1,0,0,0,0,0,0,1,1,1,1,1,1
PUcsGSgYObqK2gnEJzAT-w,1,0,1,0,0,0,0,0,0,0,0,0,1,0,0,0,1,0,1,0,0,0,1,0,1
dQE3gIsZPGo_8x0bPsjrMA,0,1,0,0,1,0,0,0,0,0,0,0,1,0,0,0,1,1,1,0,0,1,0,0,1
sZZyak5nM_xeBAhYgbsGWw,1,1,0,1,1,0,0,0,0,0,0,0,1,0,0,0,0,0,0,0,0,0,0,0,0
X4-y0T234C_vVKsbwIaymg,1,0,1,0,0,0,0,1,0,0,0,0,1,0,0,0,0,0,0,0,0,0,1,1,0
S9qrZ5iE6G_6AOL6Hd7EtQ,1,0,1,1,1,0,0,0,0,0,0,0,1,0,0,0,1,0,0,0,0,0,1,0,0
nUxDo_cGEY9eZThobQKSXQ,0,0,1,1,1,0,0,0,0,0,0,0,1,0,0,0,0,0,1,0,0,0,0,0,0
sMH-NbrY0IjPJrqmAn8EOg,1,0,1,1,0,0,0,0,0,0,0,0,1,0,0,0,1,0,1,0,0,0,1,0,0
RhZkVtTb0F3ktVO9tVVv5A,1,0,1,1,0,0,0,0,0,0,0,0,1,0,0,0,0,0,0,0,0,0,1,0,1
e83hBweu0iFsP1Gi0tT4JQ,0,0,1,1,0,0,0,0,0,0,0,0,1,0,0,0,1,0,1,0,0,0,0,0,0
PzrJ8NYXk3wDjDnpTfFTlQ,0,1,0,0,0,0,0,0,0,0,0,0,1,0,0,0,0,1,0,1,1,1,0,0,1
523pJhPiB5OIcwUe1c7kgA,0,0,1,1,0,0,0,0,0,0,0,0,1,0,0,0,1,0,1,0,0,0,0,0,0
XoqVT8OX3K34uv1yojq3Ew,1,0,1,0,0,0,0,1,0,0,0,0,1,0,0,0,1,1,0,0,0,0,0,0,1
8l6wS2Y-lPm8oJsHYmW7WA,0,1,0,1,1,0,0,0,0,0,0,0,1,0,0,0,0,0,1,1,1,1,0,0,1
Lqk5iD14ebe6N8olgPG6pg,0,0,1,0,0,0,0,0,0,0,0,0,1,0,0,0,0,0,1,0,0,0,0,0,0
FUgVI2yvCm6dPEA3Cl236A,1,0,0,1,0,0,0,0,0,0,0,0,1,0,0,0,1,0,0,0,0,0,0,1,0
nBj1rn98yZKSPxALwXo3OA,1,1,0,1,0,0,0,0,0,0,0,0,1,0,0,0,0,0,0,0,0,0,0,0,0
UFuLCkBCNREEUIjPWEAc2w,0,1,0,0,0,0,0,0,0,0,0,0,1,0,0,0,0,0,1,0,0,0,0,0,1
JwPWn5iFMfdXyySSo6i0VA,0,0,0,1,0,0,0,0,0,0,0,0,1,0,1,0,0,0,0,0,0,0,0,0,0
fHR7aEMcsIaypr7l-yMrWQ,1,0,1,1,0,0,0,1,0,0,0,0,1,0,0,0,0,1,1,1,1,1,0,1,1
DJ-yOg64hWc7_qFCfr6Swg,1,0,1,0,0,0,0,0,0,0,0,0,1,0,0,0,0,0,0,1,1,0,0,0,1
iZ3fMcumRQdXrQLRGwTyGw,1,0,1,0,0,0,0,1,0,0,0,0,1,0,0,0,1,0,1,0,0,0,1,0,0
YrAsNYdR_Feypiy2TQld9A,0,1,0,0,1,0,0,0,0,0,0,0,1,0,0,0,0,1,1,1,0,1,1,0,1
3Gk6QTe92nLE72ZqgArs0A,1,0,1,1,0,0,0,0,0,0,0,0,1,0,0,0,0,0,0,0,0,0,1,0,0
QLUMLfkJI2fPZeaAumEXiQ,0,1,0,1,1,0,0,0,0,0,0,0,1,0,0,0,1,1,1,1,1,1,0,0,1
uwhr3frOjlT5oJKyF7mwFA,1,0,1,1,0,0,0,0,0,0,0,0,1,0,0,0,1,0,0,0,0,0,1,0,0
g-4X2oFO1inXem2Aco3hNg,0,0,1,0,0,0,0,0,0,0,0,0,1,0,0,0,1,0,0,0,0,0,0,0,1
mKEsvDNJPwFFH6JZm5x5nw,0,1,0,0,0,0,0,0,0,0,0,0,1,0,0,0,1,0,0,0,0,0,1,0,0
hcaqvBMeabic89z5CgBnNA,0,0,0,1,0,0,0,0,0,0,0,0,1,0,0,0,1,0,0,0,0,0,1,0,1
nXXO_EkwTT3e9RrG4_gdlQ,1,0,1,1,0,0,0,0,0,0,0,0,1,0,0,0,1,0,1,0,0,0,0,1,0
5ZuZH8_cZ0yQF1tBylIrRQ,0,0,1,1,1,0,0,0,0,0,0,0,1,0,0,0,1,1,1,0,0,0,1,0,1
Ek3axTWP1ZpTVozYmSB9mg,0,1,0,1,0,0,0,0,0,0,0,0,1,0,0,0,0,0,0,0,0,0,0,1,1
vfaUBBuwQOeYkKGF9IRSrw,1,1,0,1,0,0,0,1,0,0,0,0,1,0,0,0,0,0,1,0,0,0,0,1,0
oHt348mrWy5mPARe3saU1g,0,0,0,1,1,0,0,0,0,0,0,0,1,0,0,0,1,0,0,0,0,0,1,0,1
NX8bKdl370iMQmNwMfO-xg,1,1,0,0,0,0,0,0,0,0,0,0,1,0,0,0,0,0,1,0,0,0,1,0,1
Wn7hU3KFQV1E-Nvst-JCXQ,0,0,1,0,1,0,0,0,0,0,0,0,1,0,0,0,1,0,1,0,0,0,1,0,1
Xd_ysHQXvlSOMvmEwwOyrQ,1,1,0,1,0,0,0,0,0,0,0,0,1,0,0,0,1,0,1,0,0,0,0,0,0
7_AlH32wHD56eEVqFIVTag,1,0,1,1,1,0,0,1,0,0,0,0,1,0,0,0,1,0,1,0,0,0,0,0,0
"""-mhJGjXOqmuHfqFHSszzLQ""",1,1,0,0,0,0,0,0,0,0,0,0,1,0,0,0,1,1,1,0,0,0,1,0,1
lfMsjImyt-46uqGrWstmLw,0,0,1,0,1,0,0,0,0,0,0,0,1,0,0,0,0,0,0,0,0,0,0,0,0
JHLUaRtE9IZbYD8jt41seQ,0,0,0,1,0,0,0,0,0,0,0,0,1,0,0,0,1,0,0,0,0,0,0,0,0
4lOnH5VW0uvn_9Eva2bh4g,0,1,0,0,0,0,0,0,0,0,0,0,1,0,0,0,0,1,1,1,0,1,0,0,1
tClBvjwJUxHOLqwbLfc5TQ,0,1,0,1,1,0,0,0,0,0,0,0,1,0,0,0,0,0,1,0,0,0,0,0,0
Om1iOmJIE-i6h3Kib7ACLg,1,0,1,1,1,0,0,0,0,0,0,0,1,0,0,0,0,0,0,0,0,0,1,0,1
w9cbjYGCeS0PnnWK8n2FFA,1,0,0,1,0,0,0,0,0,0,0,0,1,0,0,0,0,0,1,0,0,0,1,1,0
0f1KSGXd0PYgCgpxww85pA,0,0,1,1,0,0,0,0,0,0,0,0,1,0,0,0,1,0,0,0,0,0,0,0,0
NGs8S2qU6rfbbPaZ4pcBbw,1,1,0,0,0,0,0,1,0,0,0,0,1,0,0,0,0,0,1,0,0,0,1,0,0
w8OEqB-MCIslqEuPnshySA,1,1,0,0,1,0,0,1,0,0,0,0,1,0,0,0,0,0,0,0,0,0,1,0,0
DfxgrvvdKukl0qUylPSBaQ,1,0,1,1,0,0,0,0,0,0,0,0,1,0,0,0,1,0,1,0,0,0,0,0,0
C3PEMO48MIUWTSREKm7Gdg,0,1,0,1,0,0,0,0,0,0,0,0,1,0,0,0,1,1,1,0,0,0,0,0,1
iJ9PhTQcmtcegeMEPVROQw,1,0,1,1,1,0,0,0,0,0,0,0,1,0,0,0,1,0,1,0,0,0,0,0,0
Fdt7nqLy1NhXMajNo0SSzg,0,1,0,1,0,0,0,0,0,0,0,0,1,0,0,0,1,0,0,0,0,0,1,0,1
KqcgzxsJmQ1RzcJIjOw9aQ,1,0,1,0,0,0,0,0,0,0,0,0,1,0,0,0,1,0,0,0,0,0,1,0,0
BcujwzuF8ztkSJlPntO57A,0,0,1,1,0,0,0,0,0,0,0,0,1,0,1,0,1,0,0,0,0,0,0,0,1
gssK0J1v9s5LGApFko6Jgw,0,1,0,1,0,0,0,0,0,0,0,0,1,0,0,0,0,1,1,1,1,1,0,0,1
AhHUtYrqb9C8xhwb3AQnhw,1,1,0,1,1,0,0,1,0,0,0,0,1,0,0,0,0,0,0,0,0,0,1,0,0
bgAPNbu1crNCZI3_TG33BA,0,1,0,1,0,0,0,0,0,0,0,0,1,0,1,0,0,1,1,1,1,0,0,0,1
SrFS7bcVuBcFKW3EKS41rQ,1,0,1,1,0,0,0,0,0,0,0,0,1,0,0,0,1,0,0,0,0,0,1,0,0
06GzwjotDApVgvGFc2qelg,1,0,1,1,0,0,0,0,0,0,0,0,1,0,0,0,1,1,1,1,1,1,1,0,1
GM6slH2NCe4MI3YKH88upw,1,0,0,0,0,0,0,1,0,0,0,0,1,0,0,0,1,0,0,0,0,0,1,0,0
AdMhIhm0h7i5WahVWojzWw,0,0,1,0,0,0,0,0,0,0,0,0,1,0,0,0,1,0,0,0,0,0,0,0,1
e9n2mtbhAxmwdHDKfQ_kQA,1,0,1,1,0,0,0,0,0,0,0,0,1,0,0,0,1,0,0,0,0,0,1,1,0
I4crN-TrugKM0e-mP26ulA,0,1,0,1,0,0,0,0,0,0,0,0,1,0,0,0,1,0,0,0,0,0,0,0,1
dlAA45AAi4Yy2EbSI8o_IA,1,0,1,0,0,0,0,0,0,0,0,0,1,0,0,0,0,0,0,0,0,0,1,0,0
msGploL9b-j8LlmXLu9zOQ,0,1,0,1,1,0,0,0,0,0,0,0,1,0,0,0,1,1,1,0,0,0,0,0,1
qWF-xK3IkQ9zIV0agoCVsw,0,1,0,1,1,0,0,0,0,0,0,0,1,0,0,0,1,0,0,0,0,0,1,1,0
v4DPZ-dgLtE6kx0i9EMmXg,0,1,0,0,0,0,0,1,0,0,0,0,1,0,0,0,0,1,1,1,1,1,1,0,1
IYqHMAVzpJjoHoiE0bspfA,0,0,1,0,1,0,0,0,0,0,0,0,1,0,0,0,1,0,0,0,0,0,0,0,1
X7a7XnP2bXBr286q0lBj8A,0,0,1,0,1,0,0,0,0,0,0,0,1,0,0,0,1,0,0,0,0,0,1,0,1
F0WGsRm5mPB8NgQQiZggUA,1,0,0,1,1,0,0,0,0,0,0,0,1,0,0,0,0,0,0,0,0,0,1,0,0
UyT_zdKxMciDJM3I3GBJnw,1,1,0,0,0,0,0,0,0,0,0,0,1,0,0,0,1,0,0,0,0,0,1,0,1
lJOJAum0rPYqrMZhsgJYDg,0,1,0,1,0,0,0,0,0,0,0,0,1,0,0,0,1,1,1,0,0,0,0,1,1
xbfuWOHMCIeNAmzm0WSknQ,1,1,0,1,1,0,0,0,0,0,0,0,1,0,0,0,0,1,1,0,0,0,1,0,1
TyHQ4bXRHnvzcgL_HZ69PA,0,0,1,0,0,0,0,0,0,0,0,0,1,0,0,0,0,0,0,0,0,0,0,1,0
fh2WWf5DMiYRojJRxfenhQ,1,0,1,1,1,0,0,0,0,0,0,0,1,0,0,0,1,0,0,0,0,0,0,1,0
akxrGcgayUu7jU-RywYHiA,0,0,1,1,0,0,0,0,0,0,0,0,1,0,0,0,1,0,1,0,0,0,0,0,1
3DuZmoCAHZEsZzNY8otBDA,1,0,1,1,0,0,0,0,0,0,0,0,1,0,0,0,0,1,1,0,1,0,0,0,0
sCbOmyjaN5lJ75TZz8lKLA,1,0,1,0,0,0,0,0,0,0,0,0,1,0,0,0,1,0,1,0,0,0,0,0,0
8WEeJbUKZaoDdp-SrnwgEg,1,0,0,1,0,0,0,1,0,0,0,0,1,0,0,0,1,0,0,0,0,0,1,0,0
g9o92ENO2pX_HocuIHWg3w,0,1,0,1,0,0,0,0,0,0,0,0,1,0,0,0,0,0,1,0,0,0,0,0,0
tRYcYoA63_9voNrBb-krmQ,1,0,1,1,1,0,0,0,0,0,0,0,1,0,0,0,1,0,0,0,0,0,1,0,1
sby_hTbbmDfUbM2yvGnW0g,0,1,0,0,0,0,0,0,0,0,0,0,1,0,0,0,1,1,1,1,1,1,1,1,1
AbGE4muPq1DDaPYr_DbxuQ,1,0,1,0,1,0,0,0,0,0,0,0,1,0,0,0,0,0,1,0,0,0,0,1,1
xUvEOG9Jbw6-b9Of80X7zg,1,1,0,0,0,0,0,0,0,0,0,0,1,0,0,0,0,1,1,1,1,1,1,0,1
orXsg5qNYnMQYIf867W05A,0,0,1,0,0,0,0,0,0,0,0,0,1,0,0,0,1,0,0,0,0,0,1,0,0
6X5ObAYp0HFI8Um3Ry67Sw,1,0,1,1,1,0,0,0,0,0,0,0,1,0,0,0,1,0,0,0,0,0,0,0,0
m2i0kNRbkdm8R42aBZixcQ,0,1,0,0,0,0,0,0,0,0,0,0,1,0,0,0,1,0,1,0,0,0,1,0,1
nC9MswCWvvAO0kQhHAxgrg,1,0,1,1,0,0,0,0,0,0,0,0,1,0,0,0,0,0,0,0,0,0,1,0,0
PlNTYOj5SZP8CpobmI1cbA,1,0,0,1,1,0,0,0,0,0,0,0,1,0,0,0,1,0,0,0,0,0,0,1,0
CZbBcnRb_dH1oL8SvggBsw,0,0,1,0,0,0,0,0,0,0,0,0,1,0,0,0,0,0,0,0,0,0,1,0,1
bfFa2AxA8p_2WADPFb3g_Q,1,0,1,1,0,0,0,0,0,0,0,0,1,0,0,0,1,0,1,0,0,0,1,0,0
Fk1xgwKVfStGxYCRBejQZw,0,0,0,1,0,0,0,0,0,0,0,0,1,0,0,0,0,0,0,0,0,0,1,0,1
xQveejUgOjTLuS-0eKreZQ,1,0,0,0,0,0,0,0,0,0,0,0,1,0,0,0,1,0,0,0,0,0,1,1,0
fpOrMUrp_2NI6SD08EdeRw,0,1,0,0,0,0,0,1,0,0,0,0,1,0,0,0,0,0,1,0,0,0,1,0,1
0fKmp4u2yZNDehWcif8qYQ,1,1,1,0,1,0,0,1,0,0,0,0,1,0,0,0,0,1,1,1,0,1,0,0,1
NLt9_rkMqase9Z64biXvpg,1,0,1,0,1,0,0,0,0,0,0,0,1,0,0,0,1,0,0,0,0,0,1,0,0
zR8shSaVAnXlO_jCgaWOgA,0,1,0,0,0,0,0,0,0,0,0,0,1,0,0,0,1,0,1,0,0,0,0,0,0
WP98PNhMue0Vg82Bsu9-WQ,0,0,1,0,0,0,0,0,0,0,0,0,1,0,0,0,0,0,0,0,0,0,0,1,0
n75-TSUggKKOmLshOSHFLQ,1,0,1,0,0,0,0,0,0,0,0,0,1,0,0,0,0,0,0,0,0,0,1,0,0
cCo-OMGsnm1HEuWnLJ__RA,0,0,0,1,1,0,0,0,0,0,0,0,1,0,0,0,1,1,0,0,0,0,1,1,1
UiWDKlhgIAQcanDN1Sb9bg,1,0,1,1,0,0,0,0,0,0,0,0,1,0,0,0,1,0,0,0,0,0,1,0,0
u7k-DjOWAjOg4T3t1UKlqQ,1,0,1,0,0,0,1,0,0,0,0,0,1,0,0,0,0,0,0,0,0,0,1,0,0
tQkD31g-jqnGw-dS9pIH0A,1,0,1,1,0,0,0,0,0,0,0,0,1,0,0,0,1,0,1,0,0,0,1,0,1
Zl8m27UKuH1wvMHZgYLvWA,1,0,1,0,0,0,0,1,0,0,0,0,1,0,0,0,0,0,1,0,0,0,1,1,1
lEtwzp3H8d3-FAdY3EMiHg,1,1,0,1,1,0,0,0,0,0,0,0,1,0,0,0,0,1,1,1,0,1,1,0,1
t-afIbGob3-DN0em1LZ8Gw,1,1,0,0,0,0,0,1,0,0,0,0,1,0,0,0,0,0,0,1,1,1,1,1,1
BJSVOToo8x-EmZ_zwKZDhA,1,0,0,0,1,0,0,0,0,0,0,0,1,0,0,0,0,0,1,0,0,0,1,0,1
05wE77eDWFTJCMfUVc-eUw,1,1,0,1,0,0,0,1,0,0,0,0,1,0,0,1,1,0,1,0,0,0,0,0,0
fiNrQB3RTZSYnnKEfRcdpQ,0,1,0,0,0,0,0,0,0,0,0,0,1,0,0,0,1,0,0,0,0,0,0,0,1